Time,label
1729946381.86,False
1729946381.96,False
1729946382.06,False
1729946382.16,False
1729946382.26,False
1729946382.36,False
1729946382.46,False
1729946382.56,False
1729946382.66,False
1729946382.76,False
1729946382.86,False
1729946382.96,False
1729946383.06,False
1729946383.16,False
1729946383.26,False
1729946383.36,False
1729946383.46,False
1729946383.56,False
1729946383.66,False
1729946383.76,False
1729946383.86,False
1729946383.96,False
1729946384.06,False
1729946384.16,False
1729946384.26,False
1729946384.36,False
1729946384.46,False
1729946384.56,False
1729946384.66,False
1729946384.76,False
1729946384.86,False
1729946384.96,False
1729946385.06,False
1729946385.16,False
1729946385.26,False
1729946385.36,False
1729946385.46,False
1729946385.56,False
1729946385.66,False
1729946385.76,False
1729946385.86,False
1729946385.96,False
1729946386.06,False
1729946386.16,False
1729946386.26,False
1729946386.36,False
1729946386.46,False
1729946386.56,False
1729946386.66,False
1729946386.76,False
1729946386.86,False
1729946386.96,False
1729946387.06,False
1729946387.16,False
1729946387.26,False
1729946387.36,False
1729946387.46,False
1729946387.56,False
1729946387.66,False
1729946387.76,False
1729946387.86,False
1729946387.96,False
1729946388.06,False
1729946388.16,False
1729946388.26,False
1729946388.36,False
1729946388.46,False
1729946388.56,False
1729946388.66,False
1729946388.76,False
1729946388.86,False
1729946388.96,False
1729946389.06,False
1729946389.16,False
1729946389.26,False
1729946389.36,False
1729946389.46,False
1729946389.56,False
1729946389.66,False
1729946389.76,False
1729946389.86,False
1729946389.96,False
1729946390.06,False
1729946390.16,False
1729946390.26,False
1729946390.36,False
1729946390.46,False
1729946390.56,False
1729946390.66,False
1729946390.76,False
1729946390.86,False
1729946390.96,False
1729946391.06,False
1729946391.16,False
1729946391.26,False
1729946391.36,False
1729946391.46,False
1729946391.56,False
1729946391.66,False
1729946391.76,False
1729946391.86,False
1729946391.96,False
1729946392.06,False
1729946392.16,False
1729946392.26,False
1729946392.36,False
1729946392.46,False
1729946392.56,False
1729946392.66,False
1729946392.76,False
1729946392.86,False
1729946392.96,False
1729946393.06,False
1729946393.16,False
1729946393.26,False
1729946393.36,False
1729946393.46,False
1729946393.56,False
1729946393.66,False
1729946393.76,False
1729946393.86,False
1729946393.96,False
1729946394.06,False
1729946394.16,False
1729946394.26,False
1729946394.36,False
1729946394.46,False
1729946394.56,False
1729946394.66,False
1729946394.76,False
1729946394.86,False
1729946394.96,False
1729946395.06,False
1729946395.16,False
1729946395.26,False
1729946395.36,False
1729946395.46,False
1729946395.56,False
1729946395.66,False
1729946395.76,False
1729946395.86,False
1729946395.96,False
1729946396.06,False
1729946396.16,False
1729946396.26,False
1729946396.36,False
1729946396.46,False
1729946396.56,False
1729946396.66,False
1729946396.76,False
1729946396.86,False
1729946396.96,False
1729946397.06,False
1729946397.16,False
1729946397.26,False
1729946397.36,False
1729946397.46,False
1729946397.56,False
1729946397.66,False
1729946397.76,False
1729946397.86,False
1729946397.96,False
1729946398.06,False
1729946398.16,False
1729946398.26,False
1729946398.36,False
1729946398.46,False
1729946398.56,False
1729946398.66,False
1729946398.76,False
1729946398.86,False
1729946398.96,False
1729946399.06,False
1729946399.16,False
1729946399.26,False
1729946399.36,False
1729946399.46,False
1729946399.56,False
1729946399.66,False
1729946399.76,False
1729946399.86,False
1729946399.96,False
1729946400.06,False
1729946400.16,False
1729946400.26,False
1729946400.36,False
1729946400.46,False
1729946400.56,False
1729946400.66,False
1729946400.76,False
1729946400.86,False
1729946400.96,False
1729946401.06,False
1729946401.16,False
1729946401.26,False
1729946401.36,False
1729946401.46,False
1729946401.56,False
1729946401.66,False
1729946401.76,False
1729946401.86,False
1729946401.96,False
1729946402.06,False
1729946402.16,False
1729946402.26,False
1729946402.36,False
1729946402.46,False
1729946402.56,False
1729946402.66,False
1729946402.76,False
1729946402.86,False
1729946402.96,False
1729946403.06,False
1729946403.16,False
1729946403.26,False
1729946403.36,False
1729946403.46,False
1729946403.56,False
1729946403.66,False
1729946403.76,False
1729946403.86,False
1729946403.96,False
1729946404.06,False
1729946404.16,False
1729946404.26,False
1729946404.36,False
1729946404.46,False
1729946404.56,False
1729946404.66,False
1729946404.76,False
1729946404.86,False
1729946404.96,False
1729946405.06,False
1729946405.16,False
1729946405.26,False
1729946405.36,False
1729946405.46,False
1729946405.56,False
1729946405.66,False
1729946405.76,False
1729946405.86,False
1729946405.96,False
1729946406.06,False
1729946406.16,False
1729946406.26,False
1729946406.36,False
1729946406.46,False
1729946406.56,False
1729946406.66,False
1729946406.76,False
1729946406.86,False
1729946406.96,False
1729946407.06,False
1729946407.16,False
1729946407.26,False
1729946407.36,False
1729946407.46,False
1729946407.56,False
1729946407.66,False
1729946407.76,False
1729946407.86,False
1729946407.96,False
1729946408.06,False
1729946408.16,False
1729946408.26,False
1729946408.36,False
1729946408.46,False
1729946408.56,False
1729946408.66,False
1729946408.76,False
1729946408.86,False
1729946408.96,False
1729946409.06,False
1729946409.16,False
1729946409.26,False
1729946409.36,False
1729946409.46,False
1729946409.56,False
1729946409.66,False
1729946409.76,False
1729946409.86,True
1729946409.96,True
1729946410.06,True
1729946410.16,True
1729946410.26,True
1729946410.36,True
1729946410.46,True
1729946410.56,True
1729946410.66,True
1729946410.76,True
1729946410.86,True
1729946410.96,True
1729946411.06,True
1729946411.16,True
1729946411.26,True
1729946411.36,True
1729946411.46,True
1729946411.56,True
1729946411.66,True
1729946411.76,True
1729946411.86,True
1729946411.96,True
1729946412.06,True
1729946412.16,True
1729946412.26,True
1729946412.36,True
1729946412.46,True
1729946412.56,True
1729946412.66,True
1729946412.76,True
1729946412.86,True
1729946412.96,True
1729946413.06,False
1729946413.16,False
1729946413.26,False
1729946413.36,False
1729946413.46,False
1729946413.56,False
1729946413.66,False
1729946413.76,False
1729946413.86,False
1729946413.96,False
1729946414.06,False
1729946414.16,False
1729946414.26,False
1729946414.36,False
1729946414.46,False
1729946414.56,False
1729946414.66,False
1729946414.76,False
1729946414.86,False
1729946414.96,False
1729946415.06,False
1729946415.16,False
1729946415.26,False
1729946415.36,False
1729946415.46,False
1729946415.56,False
1729946415.66,False
1729946415.76,False
1729946415.86,False
1729946415.96,False
1729946416.06,False
1729946416.16,False
1729946416.26,False
1729946416.36,False
1729946416.46,False
1729946416.56,False
1729946416.66,False
1729946416.76,False
1729946416.86,False
1729946416.96,False
1729946417.06,False
1729946417.16,False
1729946417.26,False
1729946417.36,False
1729946417.46,False
1729946417.56,False
1729946417.66,False
1729946417.76,False
1729946417.86,False
1729946417.96,False
1729946418.06,False
1729946418.16,False
1729946418.26,False
1729946418.36,False
1729946418.46,False
1729946418.56,False
1729946418.66,False
1729946418.76,False
1729946418.86,False
1729946418.96,False
1729946419.06,False
1729946419.16,False
1729946419.26,False
1729946419.36,False
1729946419.46,False
1729946419.56,False
1729946419.66,False
1729946419.76,False
1729946419.86,False
1729946419.96,False
1729946420.06,False
1729946420.16,False
1729946420.26,False
1729946420.36,False
1729946420.46,False
1729946420.56,False
1729946420.66,False
1729946420.76,False
1729946420.86,False
1729946420.96,False
1729946421.06,False
1729946421.16,False
1729946421.26,False
1729946421.36,False
1729946421.46,False
1729946421.56,False
1729946421.66,False
1729946421.76,False
1729946421.86,False
1729946421.96,False
1729946422.06,False
1729946422.16,False
1729946422.26,False
1729946422.36,False
1729946422.46,False
1729946422.56,False
1729946422.66,False
1729946422.76,False
1729946422.86,False
1729946422.96,False
1729946423.06,False
1729946423.16,False
1729946423.26,False
1729946423.36,False
1729946423.46,False
1729946423.56,False
1729946423.66,False
1729946423.76,False
1729946423.86,False
1729946423.96,False
1729946424.06,False
1729946424.16,False
1729946424.26,False
1729946424.36,False
1729946424.46,False
1729946424.56,False
1729946424.66,False
1729946424.76,False
1729946424.86,False
1729946424.96,False
1729946425.06,False
1729946425.16,False
1729946425.26,False
1729946425.36,False
1729946425.46,False
1729946425.56,False
1729946425.66,False
1729946425.76,False
1729946425.86,False
1729946425.96,False
1729946426.06,False
1729946426.16,False
1729946426.26,False
1729946426.36,False
1729946426.46,False
1729946426.56,False
1729946426.66,False
1729946426.76,False
1729946426.86,False
1729946426.96,False
1729946427.06,False
1729946427.16,False
1729946427.26,False
1729946427.36,False
1729946427.46,False
1729946427.56,False
1729946427.66,False
1729946427.76,False
1729946427.86,False
1729946427.96,False
1729946428.06,False
1729946428.16,False
1729946428.26,False
1729946428.36,False
1729946428.46,False
1729946428.56,False
1729946428.66,False
1729946428.76,False
1729946428.86,False
1729946428.96,False
1729946429.06,False
1729946429.16,False
1729946429.26,False
1729946429.36,False
1729946429.46,False
1729946429.56,False
1729946429.66,False
1729946429.76,False
1729946429.86,False
1729946429.96,False
1729946430.06,False
1729946430.16,False
1729946430.26,False
1729946430.36,False
1729946430.46,False
1729946430.56,False
1729946430.66,False
1729946430.76,False
1729946430.86,False
1729946430.96,False
1729946431.06,False
1729946431.16,False
1729946431.26,False
1729946431.36,False
1729946431.46,False
1729946431.56,False
1729946431.66,False
1729946431.76,False
1729946431.86,False
1729946431.96,False
1729946432.06,False
1729946432.16,False
1729946432.26,False
1729946432.36,False
1729946432.46,False
1729946432.56,False
1729946432.66,False
1729946432.76,False
1729946432.86,False
1729946432.96,False
1729946433.06,False
1729946433.16,False
1729946433.26,False
1729946433.36,False
1729946433.46,False
1729946433.56,False
1729946433.66,False
1729946433.76,False
1729946433.86,False
1729946433.96,False
1729946434.06,False
1729946434.16,False
1729946434.26,False
1729946434.36,True
1729946434.46,True
1729946434.56,False
1729946434.66,False
1729946434.76,False
1729946434.86,False
1729946434.96,False
1729946435.06,False
1729946435.16,False
1729946435.26,False
1729946435.36,False
1729946435.46,False
1729946435.56,False
1729946435.66,False
1729946435.76,False
1729946435.86,False
1729946435.96,False
1729946436.06,False
1729946436.16,False
1729946436.26,False
1729946436.36,False
1729946436.46,False
1729946436.56,False
1729946436.66,False
1729946436.76,False
1729946436.86,False
1729946436.96,False
1729946437.06,False
1729946437.16,False
1729946437.26,False
1729946437.36,False
1729946437.46,False
1729946437.56,False
1729946437.66,False
1729946437.76,False
1729946437.86,False
1729946437.96,False
1729946438.06,False
1729946438.16,False
1729946438.26,False
1729946438.36,False
1729946438.46,False
1729946438.56,False
1729946438.66,False
1729946438.76,False
1729946438.86,False
1729946438.96,False
1729946439.06,False
1729946439.16,False
1729946439.26,False
1729946439.36,False
1729946439.46,False
1729946439.56,False
1729946439.66,False
1729946439.76,False
1729946439.86,False
1729946439.96,False
1729946440.06,False
1729946440.16,False
1729946440.26,False
1729946440.36,False
1729946440.46,False
1729946440.56,False
1729946440.66,False
1729946440.76,False
1729946440.86,False
1729946440.96,False
1729946441.06,False
1729946441.16,False
1729946441.26,False
1729946441.36,False
1729946441.46,False
1729946441.56,False
1729946441.66,False
1729946441.76,False
1729946441.86,False
1729946441.96,False
1729946442.06,False
1729946442.16,False
1729946442.26,False
1729946442.36,False
1729946442.46,False
1729946442.56,False
1729946442.66,False
1729946442.76,False
1729946442.86,False
1729946442.96,False
1729946443.06,False
1729946443.16,False
1729946443.26,False
1729946443.36,False
1729946443.46,False
1729946443.56,False
1729946443.66,False
1729946443.76,False
1729946443.86,False
1729946443.96,False
1729946444.06,False
1729946444.16,False
1729946444.26,False
1729946444.36,False
1729946444.46,False
1729946444.56,False
1729946444.66,False
1729946444.76,False
1729946444.86,False
1729946444.96,False
1729946445.06,False
1729946445.16,False
1729946445.26,False
1729946445.36,False
1729946445.46,False
1729946445.56,False
1729946445.66,False
1729946445.76,False
1729946445.86,True
1729946445.96,True
1729946446.06,True
1729946446.16,True
1729946446.26,False
1729946446.36,False
1729946446.46,False
1729946446.56,False
1729946446.66,False
1729946446.76,False
1729946446.86,False
1729946446.96,False
1729946447.06,False
1729946447.16,False
1729946447.26,False
1729946447.36,False
1729946447.46,False
1729946447.56,False
1729946447.66,False
1729946447.76,False
1729946447.86,False
1729946447.96,False
1729946448.06,False
1729946448.16,False
1729946448.26,False
1729946448.36,False
1729946448.46,False
1729946448.56,False
1729946448.66,False
1729946448.76,False
1729946448.86,False
1729946448.96,False
1729946449.06,False
1729946449.16,False
1729946449.26,False
1729946449.36,False
1729946449.46,False
1729946449.56,False
1729946449.66,False
1729946449.76,False
1729946449.86,False
1729946449.96,False
1729946450.06,False
1729946450.16,False
1729946450.26,False
1729946450.36,False
1729946450.46,False
1729946450.56,False
1729946450.66,False
1729946450.76,False
1729946450.86,False
1729946450.96,False
1729946451.06,False
1729946451.16,False
1729946451.26,False
1729946451.36,False
1729946451.46,True
1729946451.56,True
1729946451.66,False
1729946451.76,True
1729946451.86,True
1729946451.96,False
1729946452.06,True
1729946452.16,True
1729946452.26,True
1729946452.36,True
1729946452.46,False
1729946452.56,False
1729946452.66,False
1729946452.76,False
1729946452.86,False
1729946452.96,False
1729946453.06,False
1729946453.16,False
1729946453.26,False
1729946453.36,False
1729946453.46,False
1729946453.56,False
1729946453.66,False
1729946453.76,False
1729946453.86,False
1729946453.96,False
1729946454.06,False
1729946454.16,False
1729946454.26,False
1729946454.36,False
1729946454.46,False
1729946454.56,False
1729946454.66,False
1729946454.76,False
1729946454.86,False
1729946454.96,False
1729946455.06,False
1729946455.16,False
1729946455.26,False
1729946455.36,False
1729946455.46,False
1729946455.56,False
1729946455.66,False
1729946455.76,True
1729946455.86,True
1729946455.96,False
1729946456.06,False
1729946456.16,False
1729946456.26,True
1729946456.36,True
1729946456.46,True
1729946456.56,True
1729946456.66,True
1729946456.76,True
1729946456.86,True
1729946456.96,True
1729946457.06,True
1729946457.16,True
1729946457.26,True
1729946457.36,True
1729946457.46,True
1729946457.56,True
1729946457.66,True
1729946457.76,True
1729946457.86,True
1729946457.96,True
1729946458.06,True
1729946458.16,True
1729946458.26,True
1729946458.36,True
1729946458.46,True
1729946458.56,True
1729946458.66,True
1729946458.76,True
1729946458.86,True
1729946458.96,True
1729946459.06,True
1729946459.16,True
1729946459.26,True
1729946459.36,True
1729946459.46,True
1729946459.56,True
1729946459.66,True
1729946459.76,True
1729946459.86,False
1729946459.96,False
1729946460.06,False
1729946460.16,False
1729946460.26,False
1729946460.36,False
1729946460.46,False
1729946460.56,False
1729946460.66,False
1729946460.76,False
1729946460.86,False
1729946460.96,False
1729946461.06,False
1729946461.16,False
1729946461.26,False
1729946461.36,False
1729946461.46,False
1729946461.56,False
1729946461.66,False
1729946461.76,False
1729946461.86,False
1729946461.96,False
1729946462.06,False
1729946462.16,False
1729946462.26,False
1729946462.36,False
1729946462.46,False
1729946462.56,False
1729946462.66,False
1729946462.76,False
1729946462.86,False
1729946462.96,False
1729946463.06,False
1729946463.16,False
1729946463.26,False
1729946463.36,False
1729946463.46,False
1729946463.56,False
1729946463.66,False
1729946463.76,False
1729946463.86,False
1729946463.96,False
1729946464.06,False
1729946464.16,False
1729946464.26,False
1729946464.36,False
1729946464.46,False
1729946464.56,False
1729946464.66,False
1729946464.76,False
1729946464.86,False
1729946464.96,False
1729946465.06,False
1729946465.16,False
1729946465.26,False
1729946465.36,False
1729946465.46,False
1729946465.56,False
1729946465.66,False
1729946465.76,False
1729946465.86,False
1729946465.96,False
1729946466.06,False
1729946466.16,False
1729946466.26,False
1729946466.36,False
1729946466.46,False
1729946466.56,False
1729946466.66,False
1729946466.76,False
1729946466.86,False
1729946466.96,False
1729946467.06,False
1729946467.16,False
1729946467.26,False
1729946467.36,False
1729946467.46,False
1729946467.56,False
1729946467.66,False
1729946467.76,False
1729946467.86,False
1729946467.96,False
1729946468.06,False
1729946468.16,False
1729946468.26,False
1729946468.36,False
1729946468.46,False
1729946468.56,False
1729946468.66,False
1729946468.76,False
1729946468.86,False
1729946468.96,False
1729946469.06,False
1729946469.16,False
1729946469.26,False
1729946469.36,True
1729946469.46,True
1729946469.56,True
1729946469.66,True
1729946469.76,True
1729946469.86,True
1729946469.96,True
1729946470.06,True
1729946470.16,True
1729946470.26,True
1729946470.36,True
1729946470.46,True
1729946470.56,True
1729946470.66,True
1729946470.76,True
1729946470.86,True
1729946470.96,True
1729946471.06,True
1729946471.16,True
1729946471.26,True
1729946471.36,True
1729946471.46,True
1729946471.56,True
1729946471.66,True
1729946471.76,True
1729946471.86,True
1729946471.96,True
1729946472.06,True
1729946472.16,True
1729946472.26,True
1729946472.36,True
1729946472.46,True
1729946472.56,True
1729946472.66,True
1729946472.76,True
1729946472.86,True
1729946472.96,True
1729946473.06,False
1729946473.16,False
1729946473.26,False
1729946473.36,False
1729946473.46,False
1729946473.56,False
1729946473.66,False
1729946473.76,False
1729946473.86,False
1729946473.96,False
1729946474.06,False
1729946474.16,False
1729946474.26,False
1729946474.36,False
1729946474.46,False
1729946474.56,False
1729946474.66,False
1729946474.76,False
1729946474.86,False
1729946474.96,False
1729946475.06,False
1729946475.16,False
1729946475.26,False
1729946475.36,False
1729946475.46,False
1729946475.56,False
1729946475.66,False
1729946475.76,False
1729946475.86,False
1729946475.96,False
1729946476.06,False
1729946476.16,True
1729946476.26,True
1729946476.36,False
1729946476.46,False
1729946476.56,False
1729946476.66,False
1729946476.76,False
1729946476.86,False
1729946476.96,False
1729946477.06,False
1729946477.16,False
1729946477.26,False
1729946477.36,False
1729946477.46,False
1729946477.56,False
1729946477.66,False
1729946477.76,False
1729946477.86,False
1729946477.96,False
1729946478.06,False
1729946478.16,False
1729946478.26,False
1729946478.36,False
1729946478.46,False
1729946478.56,False
1729946478.66,False
1729946478.76,False
1729946478.86,False
1729946478.96,False
1729946479.06,False
1729946479.16,False
1729946479.26,False
1729946479.36,False
1729946479.46,False
1729946479.56,False
1729946479.66,False
1729946479.76,False
1729946479.86,False
1729946479.96,False
1729946480.06,False
1729946480.16,False
1729946480.26,False
1729946480.36,False
1729946480.46,False
1729946480.56,False
1729946480.66,False
1729946480.76,False
1729946480.86,False
1729946480.96,False
1729946481.06,False
1729946481.16,False
1729946481.26,False
1729946481.36,False
1729946481.46,False
1729946481.56,False
1729946481.66,False
1729946481.76,False
1729946481.86,False
1729946481.96,False
1729946482.06,False
1729946482.16,False
1729946482.26,False
1729946482.36,False
1729946482.46,False
1729946482.56,False
1729946482.66,False
1729946482.76,False
1729946482.86,False
1729946482.96,False
1729946483.06,False
1729946483.16,False
1729946483.26,False
1729946483.36,False
1729946483.46,False
1729946483.56,False
1729946483.66,False
1729946483.76,False
1729946483.86,False
1729946483.96,False
1729946484.06,False
1729946484.16,False
1729946484.26,False
1729946484.36,False
1729946484.46,False
1729946484.56,False
1729946484.66,False
1729946484.76,False
1729946484.86,False
1729946484.96,False
1729946485.06,False
1729946485.16,False
1729946485.26,False
1729946485.36,False
1729946485.46,False
1729946485.56,False
1729946485.66,False
1729946485.76,False
1729946485.86,False
1729946485.96,False
1729946486.06,False
1729946486.16,False
1729946486.26,False
1729946486.36,False
1729946486.46,False
1729946486.56,False
1729946486.66,False
1729946486.76,False
1729946486.86,False
1729946486.96,False
1729946487.06,False
1729946487.16,False
1729946487.26,False
1729946487.36,False
1729946487.46,False
1729946487.56,False
1729946487.66,False
1729946487.76,False
1729946487.86,False
1729946487.96,False
1729946488.06,False
1729946488.16,False
1729946488.26,False
1729946488.36,False
1729946488.46,False
1729946488.56,False
1729946488.66,False
1729946488.76,False
1729946488.86,False
1729946488.96,False
1729946489.06,False
1729946489.16,False
1729946489.26,False
1729946489.36,False
1729946489.46,False
1729946489.56,False
1729946489.66,False
1729946489.76,False
1729946489.86,False
1729946489.96,False
1729946490.06,False
1729946490.16,False
1729946490.26,False
1729946490.36,False
1729946490.46,False
1729946490.56,False
1729946490.66,False
1729946490.76,False
1729946490.86,False
1729946490.96,False
1729946491.06,False
1729946491.16,False
1729946491.26,False
1729946491.36,False
1729946491.46,False
1729946491.56,False
1729946491.66,False
1729946491.76,False
1729946491.86,False
1729946491.96,False
1729946492.06,False
1729946492.16,False
1729946492.26,False
1729946492.36,False
1729946492.46,False
1729946492.56,False
1729946492.66,False
1729946492.76,False
1729946492.86,False
1729946492.96,False
1729946493.06,True
1729946493.16,True
1729946493.26,True
1729946493.36,True
1729946493.46,True
1729946493.56,True
1729946493.66,True
1729946493.76,True
1729946493.86,True
1729946493.96,True
1729946494.06,True
1729946494.16,True
1729946494.26,True
1729946494.36,True
1729946494.46,True
1729946494.56,True
1729946494.66,True
1729946494.76,True
1729946494.86,True
1729946494.96,True
1729946495.06,True
1729946495.16,True
1729946495.26,True
1729946495.36,True
1729946495.46,True
1729946495.56,True
1729946495.66,True
1729946495.76,True
1729946495.86,True
1729946495.96,True
1729946496.06,True
1729946496.16,True
1729946496.26,True
1729946496.36,False
1729946496.46,False
1729946496.56,False
1729946496.66,False
1729946496.76,False
1729946496.86,False
1729946496.96,False
1729946497.06,False
1729946497.16,False
1729946497.26,False
1729946497.36,False
1729946497.46,False
1729946497.56,False
1729946497.66,False
1729946497.76,False
1729946497.86,False
1729946497.96,False
1729946498.06,False
1729946498.16,False
1729946498.26,False
1729946498.36,False
1729946498.46,False
1729946498.56,False
1729946498.66,False
1729946498.76,False
1729946498.86,False
1729946498.96,False
1729946499.06,False
1729946499.16,False
1729946499.26,False
1729946499.36,False
1729946499.46,False
1729946499.56,False
1729946499.66,False
1729946499.76,False
1729946499.86,False
1729946499.96,False
1729946500.06,False
1729946500.16,False
1729946500.26,False
1729946500.36,True
1729946500.46,True
1729946500.56,True
1729946500.66,True
1729946500.76,True
1729946500.86,True
1729946500.96,True
1729946501.06,True
1729946501.16,True
1729946501.26,True
1729946501.36,True
1729946501.46,True
1729946501.56,True
1729946501.66,True
1729946501.76,True
1729946501.86,True
1729946501.96,True
1729946502.06,True
1729946502.16,True
1729946502.26,True
1729946502.36,True
1729946502.46,True
1729946502.56,True
1729946502.66,True
1729946502.76,True
1729946502.86,True
1729946502.96,True
1729946503.06,True
1729946503.16,True
1729946503.26,True
1729946503.36,True
1729946503.46,True
1729946503.56,True
1729946503.66,True
1729946503.76,False
1729946503.86,False
1729946503.96,False
1729946504.06,False
1729946504.16,False
1729946504.26,False
1729946504.36,False
1729946504.46,False
1729946504.56,False
1729946504.66,False
1729946504.76,False
1729946504.86,False
1729946504.96,False
1729946505.06,False
1729946505.16,False
1729946505.26,False
1729946505.36,False
1729946505.46,False
1729946505.56,False
1729946505.66,False
1729946505.76,False
1729946505.86,False
1729946505.96,False
1729946506.06,False
1729946506.16,False
1729946506.26,False
1729946506.36,False
1729946506.46,False
1729946506.56,False
1729946506.66,False
1729946506.76,False
1729946506.86,False
1729946506.96,False
1729946507.06,False
1729946507.16,False
1729946507.26,False
1729946507.36,False
1729946507.46,False
1729946507.56,False
1729946507.66,False
1729946507.76,False
1729946507.86,False
1729946507.96,False
1729946508.06,False
1729946508.16,False
1729946508.26,False
1729946508.36,False
1729946508.46,False
1729946508.56,False
1729946508.66,False
1729946508.76,False
1729946508.86,False
1729946508.96,False
1729946509.06,False
1729946509.16,False
1729946509.26,False
1729946509.36,False
1729946509.46,False
1729946509.56,False
1729946509.66,False
1729946509.76,False
1729946509.86,False
1729946509.96,False
1729946510.06,False
1729946510.16,False
1729946510.26,False
1729946510.36,False
1729946510.46,False
1729946510.56,False
1729946510.66,False
1729946510.76,False
1729946510.86,False
1729946510.96,False
1729946511.06,False
1729946511.16,False
1729946511.26,False
1729946511.36,False
1729946511.46,False
1729946511.56,False
1729946511.66,False
1729946511.76,False
1729946511.86,False
1729946511.96,False
1729946512.06,False
1729946512.16,False
1729946512.26,False
1729946512.36,False
1729946512.46,False
1729946512.56,False
1729946512.66,False
1729946512.76,False
1729946512.86,False
1729946512.96,False
1729946513.06,False
1729946513.16,False
1729946513.26,False
1729946513.36,False
1729946513.46,False
1729946513.56,False
1729946513.66,False
1729946513.76,True
1729946513.86,True
1729946513.96,True
1729946514.06,True
1729946514.16,True
1729946514.26,True
1729946514.36,True
1729946514.46,True
1729946514.56,True
1729946514.66,True
1729946514.76,True
1729946514.86,True
1729946514.96,True
1729946515.06,True
1729946515.16,True
1729946515.26,True
1729946515.36,True
1729946515.46,True
1729946515.56,True
1729946515.66,True
1729946515.76,True
1729946515.86,True
1729946515.96,True
1729946516.06,True
1729946516.16,True
1729946516.26,True
1729946516.36,True
1729946516.46,True
1729946516.56,True
1729946516.66,True
1729946516.76,False
1729946516.86,False
1729946516.96,False
1729946517.06,False
1729946517.16,False
1729946517.26,False
1729946517.36,False
1729946517.46,False
1729946517.56,False
1729946517.66,False
1729946517.76,False
1729946517.86,False
1729946517.96,False
1729946518.06,False
1729946518.16,False
1729946518.26,False
1729946518.36,False
1729946518.46,False
1729946518.56,False
1729946518.66,False
1729946518.76,False
1729946518.86,False
1729946518.96,False
1729946519.06,False
1729946519.16,False
1729946519.26,False
1729946519.36,False
1729946519.46,False
1729946519.56,False
1729946519.66,False
1729946519.76,False
1729946519.86,False
1729946519.96,False
1729946520.06,False
1729946520.16,False
1729946520.26,False
1729946520.36,False
1729946520.46,False
1729946520.56,False
1729946520.66,False
1729946520.76,False
1729946520.86,False
1729946520.96,False
1729946521.06,False
1729946521.16,False
1729946521.26,False
1729946521.36,False
1729946521.46,False
1729946521.56,False
1729946521.66,False
1729946521.76,False
1729946521.86,False
1729946521.96,False
1729946522.06,False
1729946522.16,False
1729946522.26,False
1729946522.36,False
1729946522.46,False
1729946522.56,False
1729946522.66,False
1729946522.76,False
1729946522.86,False
1729946522.96,False
1729946523.06,True
1729946523.16,True
1729946523.26,True
1729946523.36,True
1729946523.46,True
1729946523.56,True
1729946523.66,True
1729946523.76,True
1729946523.86,True
1729946523.96,True
1729946524.06,True
1729946524.16,True
1729946524.26,True
1729946524.36,True
1729946524.46,False
1729946524.56,False
1729946524.66,False
1729946524.76,False
1729946524.86,False
1729946524.96,False
1729946525.06,False
1729946525.16,False
1729946525.26,False
1729946525.36,False
1729946525.46,False
1729946525.56,False
1729946525.66,False
1729946525.76,False
1729946525.86,False
1729946525.96,False
1729946526.06,False
1729946526.16,False
1729946526.26,False
1729946526.36,False
1729946526.46,False
1729946526.56,False
1729946526.66,False
1729946526.76,False
1729946526.86,False
1729946526.96,False
1729946527.06,False
1729946527.16,False
1729946527.26,False
1729946527.36,False
1729946527.46,False
1729946527.56,False
1729946527.66,False
1729946527.76,False
1729946527.86,False
1729946527.96,False
1729946528.06,False
1729946528.16,False
1729946528.26,False
1729946528.36,False
1729946528.46,False
1729946528.56,False
1729946528.66,False
1729946528.76,False
1729946528.86,False
1729946528.96,False
1729946529.06,False
1729946529.16,False
1729946529.26,False
1729946529.36,False
1729946529.46,False
1729946529.56,False
1729946529.66,False
1729946529.76,False
1729946529.86,False
1729946529.96,False
1729946530.06,False
1729946530.16,False
1729946530.26,False
1729946530.36,False
1729946530.46,False
1729946530.56,False
1729946530.66,False
1729946530.76,False
1729946530.86,False
1729946530.96,False
1729946531.06,False
1729946531.16,False
1729946531.26,False
1729946531.36,False
1729946531.46,False
1729946531.56,False
1729946531.66,False
1729946531.76,False
1729946531.86,False
1729946531.96,False
1729946532.06,False
1729946532.16,False
1729946532.26,False
1729946532.36,False
1729946532.46,False
1729946532.56,False
1729946532.66,False
1729946532.76,False
1729946532.86,True
1729946532.96,True
1729946533.06,True
1729946533.16,True
1729946533.26,True
1729946533.36,True
1729946533.46,True
1729946533.56,True
1729946533.66,True
1729946533.76,True
1729946533.86,True
1729946533.96,True
1729946534.06,True
1729946534.16,True
1729946534.26,True
1729946534.36,True
1729946534.46,True
1729946534.56,True
1729946534.66,True
1729946534.76,True
1729946534.86,True
1729946534.96,True
1729946535.06,True
1729946535.16,True
1729946535.26,True
1729946535.36,True
1729946535.46,True
1729946535.56,False
1729946535.66,False
1729946535.76,False
1729946535.86,False
1729946535.96,False
1729946536.06,False
1729946536.16,False
1729946536.26,False
1729946536.36,False
1729946536.46,False
1729946536.56,False
1729946536.66,False
1729946536.76,False
1729946536.86,False
1729946536.96,False
1729946537.06,False
1729946537.16,False
1729946537.26,False
1729946537.36,False
1729946537.46,False
1729946537.56,False
1729946537.66,False
1729946537.76,False
1729946537.86,False
1729946537.96,False
1729946538.06,False
1729946538.16,False
1729946538.26,True
1729946538.36,True
1729946538.46,True
1729946538.56,True
1729946538.66,True
1729946538.76,True
1729946538.86,True
1729946538.96,True
1729946539.06,True
1729946539.16,True
1729946539.26,True
1729946539.36,True
1729946539.46,True
1729946539.56,True
1729946539.66,True
1729946539.76,True
1729946539.86,True
1729946539.96,True
1729946540.06,True
1729946540.16,True
1729946540.26,True
1729946540.36,True
1729946540.46,True
1729946540.56,True
1729946540.66,True
1729946540.76,True
1729946540.86,True
1729946540.96,True
1729946541.06,True
1729946541.16,True
1729946541.26,True
1729946541.36,True
1729946541.46,True
1729946541.56,True
1729946541.66,True
1729946541.76,False
1729946541.86,False
1729946541.96,False
1729946542.06,False
1729946542.16,False
1729946542.26,False
1729946542.36,False
1729946542.46,False
1729946542.56,False
1729946542.66,False
1729946542.76,False
1729946542.86,False
1729946542.96,False
1729946543.06,False
1729946543.16,False
1729946543.26,False
1729946543.36,False
1729946543.46,False
1729946543.56,False
1729946543.66,False
1729946543.76,False
1729946543.86,False
1729946543.96,False
1729946544.06,False
1729946544.16,False
1729946544.26,False
1729946544.36,False
1729946544.46,False
1729946544.56,False
1729946544.66,False
1729946544.76,False
1729946544.86,False
1729946544.96,False
1729946545.06,False
1729946545.16,False
1729946545.26,False
1729946545.36,False
1729946545.46,False
1729946545.56,False
1729946545.66,False
1729946545.76,False
1729946545.86,False
1729946545.96,False
1729946546.06,False
1729946546.16,False
1729946546.26,False
1729946546.36,False
1729946546.46,False
1729946546.56,False
1729946546.66,False
1729946546.76,False
1729946546.86,False
1729946546.96,False
1729946547.06,False
1729946547.16,False
1729946547.26,False
1729946547.36,False
1729946547.46,False
1729946547.56,False
1729946547.66,False
1729946547.76,False
1729946547.86,False
1729946547.96,False
1729946548.06,False
1729946548.16,False
1729946548.26,False
1729946548.36,False
1729946548.46,False
1729946548.56,False
1729946548.66,False
1729946548.76,False
1729946548.86,False
1729946548.96,False
1729946549.06,False
1729946549.16,False
1729946549.26,False
1729946549.36,False
1729946549.46,False
1729946549.56,False
1729946549.66,False
1729946549.76,False
1729946549.86,False
1729946549.96,False
1729946550.06,False
1729946550.16,False
1729946550.26,False
1729946550.36,False
1729946550.46,False
1729946550.56,False
1729946550.66,False
1729946550.76,False
1729946550.86,False
1729946550.96,False
1729946551.06,False
1729946551.16,False
1729946551.26,False
1729946551.36,False
1729946551.46,False
1729946551.56,False
1729946551.66,False
1729946551.76,False
1729946551.86,False
1729946551.96,False
1729946552.06,False
1729946552.16,False
1729946552.26,False
1729946552.36,False
1729946552.46,False
1729946552.56,False
1729946552.66,False
1729946552.76,False
1729946552.86,False
1729946552.96,False
1729946553.06,False
1729946553.16,False
1729946553.26,False
1729946553.36,False
1729946553.46,False
1729946553.56,False
1729946553.66,False
1729946553.76,False
1729946553.86,False
1729946553.96,False
1729946554.06,False
1729946554.16,False
1729946554.26,False
1729946554.36,False
1729946554.46,False
1729946554.56,False
1729946554.66,False
1729946554.76,False
1729946554.86,False
1729946554.96,False
1729946555.06,False
1729946555.16,False
1729946555.26,False
1729946555.36,False
1729946555.46,False
1729946555.56,False
1729946555.66,False
1729946555.76,False
1729946555.86,False
1729946555.96,False
1729946556.06,False
1729946556.16,False
1729946556.26,False
1729946556.36,False
1729946556.46,False
1729946556.56,False
1729946556.66,False
1729946556.76,False
1729946556.86,False
1729946556.96,False
1729946557.06,False
1729946557.16,False
1729946557.26,False
1729946557.36,False
1729946557.46,False
1729946557.56,False
1729946557.66,False
1729946557.76,False
1729946557.86,False
1729946557.96,False
1729946558.06,False
1729946558.16,False
1729946558.26,False
1729946558.36,False
1729946558.46,False
1729946558.56,False
1729946558.66,False
1729946558.76,False
1729946558.86,True
1729946558.96,True
1729946559.06,True
1729946559.16,True
1729946559.26,True
1729946559.36,True
1729946559.46,True
1729946559.56,True
1729946559.66,True
1729946559.76,True
1729946559.86,True
1729946559.96,True
1729946560.06,True
1729946560.16,True
1729946560.26,True
1729946560.36,True
1729946560.46,True
1729946560.56,True
1729946560.66,True
1729946560.76,True
1729946560.86,True
1729946560.96,True
1729946561.06,True
1729946561.16,True
1729946561.26,True
1729946561.36,True
1729946561.46,True
1729946561.56,True
1729946561.66,True
1729946561.76,True
1729946561.86,True
1729946561.96,True
1729946562.06,False
1729946562.16,False
1729946562.26,False
1729946562.36,False
1729946562.46,False
1729946562.56,False
1729946562.66,False
1729946562.76,False
1729946562.86,False
1729946562.96,False
1729946563.06,False
1729946563.16,False
1729946563.26,False
1729946563.36,False
1729946563.46,False
1729946563.56,False
1729946563.66,False
1729946563.76,False
1729946563.86,False
1729946563.96,False
1729946564.06,False
1729946564.16,False
1729946564.26,False
1729946564.36,False
1729946564.46,False
1729946564.56,False
1729946564.66,False
1729946564.76,False
1729946564.86,False
1729946564.96,False
1729946565.06,False
1729946565.16,False
1729946565.26,False
1729946565.36,False
1729946565.46,False
1729946565.56,False
1729946565.66,False
1729946565.76,False
1729946565.86,False
1729946565.96,False
1729946566.06,False
1729946566.16,False
1729946566.26,False
1729946566.36,False
1729946566.46,False
1729946566.56,False
1729946566.66,False
1729946566.76,False
1729946566.86,False
1729946566.96,False
1729946567.06,False
1729946567.16,False
1729946567.26,False
1729946567.36,False
1729946567.46,False
1729946567.56,False
1729946567.66,False
1729946567.76,False
1729946567.86,False
1729946567.96,False
1729946568.06,False
1729946568.16,False
1729946568.26,False
1729946568.36,False
1729946568.46,False
1729946568.56,False
1729946568.66,False
1729946568.76,False
1729946568.86,False
1729946568.96,False
1729946569.06,False
1729946569.16,False
1729946569.26,False
1729946569.36,False
1729946569.46,False
1729946569.56,False
1729946569.66,False
1729946569.76,False
1729946569.86,False
1729946569.96,False
1729946570.06,False
1729946570.16,False
1729946570.26,False
1729946570.36,False
1729946570.46,False
1729946570.56,False
1729946570.66,False
1729946570.76,False
1729946570.86,False
1729946570.96,False
1729946571.06,False
1729946571.16,False
1729946571.26,False
1729946571.36,False
1729946571.46,False
1729946571.56,False
1729946571.66,False
1729946571.76,False
1729946571.86,False
1729946571.96,False
1729946572.06,False
1729946572.16,False
1729946572.26,False
1729946572.36,False
1729946572.46,False
1729946572.56,False
1729946572.66,False
1729946572.76,False
1729946572.86,False
1729946572.96,False
1729946573.06,False
1729946573.16,False
1729946573.26,False
1729946573.36,False
1729946573.46,False
1729946573.56,False
1729946573.66,False
1729946573.76,False
1729946573.86,False
1729946573.96,False
1729946574.06,False
1729946574.16,False
1729946574.26,False
1729946574.36,False
1729946574.46,False
1729946574.56,False
1729946574.66,False
1729946574.76,False
1729946574.86,False
1729946574.96,False
1729946575.06,False
1729946575.16,False
1729946575.26,False
1729946575.36,False
1729946575.46,False
1729946575.56,False
1729946575.66,False
1729946575.76,False
1729946575.86,False
1729946575.96,False
1729946576.06,False
1729946576.16,False
1729946576.26,False
1729946576.36,False
1729946576.46,False
1729946576.56,False
1729946576.66,False
1729946576.76,False
1729946576.86,False
1729946576.96,False
1729946577.06,False
1729946577.16,False
1729946577.26,False
1729946577.36,False
1729946577.46,False
1729946577.56,False
1729946577.66,False
1729946577.76,False
1729946577.86,False
1729946577.96,False
1729946578.06,False
1729946578.16,False
1729946578.26,False
1729946578.36,False
1729946578.46,False
1729946578.56,True
1729946578.66,True
1729946578.76,True
1729946578.86,True
1729946578.96,True
1729946579.06,True
1729946579.16,True
1729946579.26,True
1729946579.36,True
1729946579.46,True
1729946579.56,True
1729946579.66,True
1729946579.76,True
1729946579.86,True
1729946579.96,True
1729946580.06,True
1729946580.16,True
1729946580.26,True
1729946580.36,True
1729946580.46,True
1729946580.56,True
1729946580.66,True
1729946580.76,True
1729946580.86,True
1729946580.96,True
1729946581.06,True
1729946581.16,True
1729946581.26,True
1729946581.36,True
1729946581.46,True
1729946581.56,True
1729946581.66,True
1729946581.76,True
1729946581.86,True
1729946581.96,False
1729946582.06,False
1729946582.16,False
1729946582.26,False
1729946582.36,False
1729946582.46,False
1729946582.56,False
1729946582.66,False
1729946582.76,False
1729946582.86,False
1729946582.96,False
1729946583.06,False
1729946583.16,False
1729946583.26,False
1729946583.36,False
1729946583.46,False
1729946583.56,False
1729946583.66,False
1729946583.76,False
1729946583.86,False
1729946583.96,False
1729946584.06,False
1729946584.16,False
1729946584.26,False
1729946584.36,False
1729946584.46,False
1729946584.56,False
1729946584.66,False
1729946584.76,False
1729946584.86,False
1729946584.96,False
1729946585.06,False
1729946585.16,False
1729946585.26,False
1729946585.36,True
1729946585.46,True
1729946585.56,True
1729946585.66,True
1729946585.76,True
1729946585.86,True
1729946585.96,True
1729946586.06,True
1729946586.16,True
1729946586.26,True
1729946586.36,True
1729946586.46,True
1729946586.56,True
1729946586.66,True
1729946586.76,True
1729946586.86,True
1729946586.96,False
1729946587.06,False
1729946587.16,False
1729946587.26,False
1729946587.36,False
1729946587.46,False
1729946587.56,False
1729946587.66,False
1729946587.76,False
1729946587.86,False
1729946587.96,False
1729946588.06,False
1729946588.16,False
1729946588.26,False
1729946588.36,False
1729946588.46,False
1729946588.56,False
1729946588.66,False
1729946588.76,False
1729946588.86,False
1729946588.96,False
1729946589.06,False
1729946589.16,False
1729946589.26,False
1729946589.36,False
1729946589.46,False
1729946589.56,False
1729946589.66,False
1729946589.76,False
1729946589.86,False
1729946589.96,False
1729946590.06,False
1729946590.16,False
1729946590.26,False
1729946590.36,False
1729946590.46,False
1729946590.56,False
1729946590.66,False
1729946590.76,False
1729946590.86,False
1729946590.96,False
1729946591.06,False
1729946591.16,False
1729946591.26,False
1729946591.36,False
1729946591.46,False
1729946591.56,False
1729946591.66,False
1729946591.76,False
1729946591.86,False
1729946591.96,False
1729946592.06,False
1729946592.16,False
1729946592.26,False
1729946592.36,False
1729946592.46,False
1729946592.56,False
1729946592.66,False
1729946592.76,False
1729946592.86,False
1729946592.96,False
1729946593.06,False
1729946593.16,False
1729946593.26,False
1729946593.36,False
1729946593.46,False
1729946593.56,False
1729946593.66,False
1729946593.76,False
1729946593.86,False
1729946593.96,False
1729946594.06,False
1729946594.16,False
1729946594.26,False
1729946594.36,False
1729946594.46,False
1729946594.56,False
1729946594.66,False
1729946594.76,False
1729946594.86,False
1729946594.96,False
1729946595.06,False
1729946595.16,False
1729946595.26,False
1729946595.36,False
1729946595.46,False
1729946595.56,False
1729946595.66,False
1729946595.76,False
1729946595.86,False
1729946595.96,False
1729946596.06,False
1729946596.16,False
1729946596.26,False
1729946596.36,False
1729946596.46,False
1729946596.56,False
1729946596.66,False
1729946596.76,False
1729946596.86,False
1729946596.96,False
1729946597.06,False
1729946597.16,False
1729946597.26,False
1729946597.36,False
1729946597.46,False
1729946597.56,False
1729946597.66,False
1729946597.76,False
1729946597.86,False
1729946597.96,False
1729946598.06,False
1729946598.16,False
1729946598.26,False
1729946598.36,False
1729946598.46,False
1729946598.56,False
1729946598.66,False
1729946598.76,False
1729946598.86,False
1729946598.96,False
1729946599.06,False
1729946599.16,False
1729946599.26,False
1729946599.36,False
1729946599.46,False
1729946599.56,False
1729946599.66,False
1729946599.76,False
1729946599.86,False
1729946599.96,False
1729946600.06,False
1729946600.16,False
1729946600.26,False
1729946600.36,False
1729946600.46,False
1729946600.56,False
1729946600.66,False
1729946600.76,False
1729946600.86,False
1729946600.96,False
1729946601.06,False
1729946601.16,False
1729946601.26,False
1729946601.36,False
1729946601.46,False
1729946601.56,False
1729946601.66,False
1729946601.76,False
1729946601.86,False
1729946601.96,False
1729946602.06,False
1729946602.16,False
1729946602.26,False
1729946602.36,False
1729946602.46,False
1729946602.56,False
1729946602.66,False
1729946602.76,False
1729946602.86,False
1729946602.96,False
1729946603.06,False
1729946603.16,False
1729946603.26,False
1729946603.36,False
1729946603.46,False
1729946603.56,False
1729946603.66,False
1729946603.76,True
1729946603.86,True
1729946603.96,True
1729946604.06,True
1729946604.16,True
1729946604.26,True
1729946604.36,True
1729946604.46,True
1729946604.56,True
1729946604.66,True
1729946604.76,True
1729946604.86,True
1729946604.96,True
1729946605.06,True
1729946605.16,True
1729946605.26,True
1729946605.36,False
1729946605.46,False
1729946605.56,False
1729946605.66,False
1729946605.76,False
1729946605.86,False
1729946605.96,False
1729946606.06,False
1729946606.16,False
1729946606.26,False
1729946606.36,False
1729946606.46,False
1729946606.56,False
1729946606.66,False
1729946606.76,False
1729946606.86,False
1729946606.96,False
1729946607.06,False
1729946607.16,False
1729946607.26,False
1729946607.36,False
1729946607.46,False
1729946607.56,False
1729946607.66,False
1729946607.76,False
1729946607.86,False
1729946607.96,False
1729946608.06,False
1729946608.16,False
1729946608.26,False
1729946608.36,False
1729946608.46,False
1729946608.56,False
1729946608.66,False
1729946608.76,False
1729946608.86,False
1729946608.96,False
1729946609.06,False
1729946609.16,False
1729946609.26,False
1729946609.36,False
1729946609.46,False
1729946609.56,False
1729946609.66,False
1729946609.76,False
1729946609.86,False
1729946609.96,False
1729946610.06,False
1729946610.16,False
1729946610.26,False
1729946610.36,False
1729946610.46,False
1729946610.56,False
1729946610.66,False
1729946610.76,False
1729946610.86,False
1729946610.96,False
1729946611.06,False
1729946611.16,False
1729946611.26,False
1729946611.36,False
1729946611.46,False
1729946611.56,False
1729946611.66,False
1729946611.76,False
1729946611.86,False
1729946611.96,False
1729946612.06,False
1729946612.16,False
1729946612.26,False
1729946612.36,False
1729946612.46,False
1729946612.56,False
1729946612.66,False
1729946612.76,False
1729946612.86,False
1729946612.96,False
1729946613.06,False
1729946613.16,False
1729946613.26,False
1729946613.36,False
1729946613.46,False
1729946613.56,False
1729946613.66,False
1729946613.76,False
1729946613.86,False
1729946613.96,False
1729946614.06,False
1729946614.16,False
1729946614.26,False
1729946614.36,False
1729946614.46,False
1729946614.56,False
1729946614.66,False
1729946614.76,False
1729946614.86,False
1729946614.96,False
1729946615.06,False
1729946615.16,False
1729946615.26,False
1729946615.36,False
1729946615.46,False
1729946615.56,False
1729946615.66,False
1729946615.76,False
1729946615.86,False
1729946615.96,False
1729946616.06,False
1729946616.16,False
1729946616.26,False
1729946616.36,False
1729946616.46,False
1729946616.56,False
1729946616.66,False
1729946616.76,False
1729946616.86,False
1729946616.96,False
1729946617.06,False
1729946617.16,False
1729946617.26,False
1729946617.36,False
1729946617.46,False
1729946617.56,False
1729946617.66,False
1729946617.76,False
1729946617.86,False
1729946617.96,False
1729946618.06,False
1729946618.16,False
1729946618.26,False
1729946618.36,False
1729946618.46,False
1729946618.56,False
1729946618.66,False
1729946618.76,False
1729946618.86,False
1729946618.96,False
1729946619.06,False
1729946619.16,False
1729946619.26,False
1729946619.36,False
1729946619.46,False
1729946619.56,False
1729946619.66,False
1729946619.76,False
1729946619.86,False
1729946619.96,False
1729946620.06,False
1729946620.16,False
1729946620.26,False
1729946620.36,False
1729946620.46,False
1729946620.56,False
1729946620.66,False
1729946620.76,False
1729946620.86,False
1729946620.96,False
1729946621.06,False
1729946621.16,False
1729946621.26,False
1729946621.36,False
1729946621.46,False
1729946621.56,False
1729946621.66,False
1729946621.76,False
1729946621.86,False
1729946621.96,False
1729946622.06,False
1729946622.16,False
1729946622.26,False
1729946622.36,False
1729946622.46,False
1729946622.56,False
1729946622.66,False
1729946622.76,False
1729946622.86,False
1729946622.96,False
1729946623.06,False
1729946623.16,False
1729946623.26,False
1729946623.36,False
1729946623.46,False
1729946623.56,False
1729946623.66,False
1729946623.76,False
1729946623.86,False
1729946623.96,False
1729946624.06,False
1729946624.16,False
1729946624.26,False
1729946624.36,False
1729946624.46,False
1729946624.56,False
1729946624.66,False
1729946624.76,False
1729946624.86,False
1729946624.96,False
1729946625.06,False
1729946625.16,False
1729946625.26,False
1729946625.36,False
1729946625.46,False
1729946625.56,False
1729946625.66,False
1729946625.76,False
1729946625.86,False
1729946625.96,False
1729946626.06,False
1729946626.16,False
1729946626.26,False
1729946626.36,False
1729946626.46,False
1729946626.56,False
1729946626.66,False
1729946626.76,False
1729946626.86,False
1729946626.96,False
1729946627.06,False
1729946627.16,False
1729946627.26,False
1729946627.36,False
1729946627.46,False
1729946627.56,False
1729946627.66,True
1729946627.76,True
1729946627.86,True
1729946627.96,True
1729946628.06,True
1729946628.16,True
1729946628.26,True
1729946628.36,True
1729946628.46,True
1729946628.56,True
1729946628.66,True
1729946628.76,True
1729946628.86,True
1729946628.96,True
1729946629.06,True
1729946629.16,True
1729946629.26,True
1729946629.36,True
1729946629.46,True
1729946629.56,True
1729946629.66,True
1729946629.76,True
1729946629.86,True
1729946629.96,True
1729946630.06,True
1729946630.16,True
1729946630.26,True
1729946630.36,True
1729946630.46,True
1729946630.56,True
1729946630.66,True
1729946630.76,True
1729946630.86,True
1729946630.96,True
1729946631.06,True
1729946631.16,True
1729946631.26,True
1729946631.36,True
1729946631.46,True
1729946631.56,False
1729946631.66,False
1729946631.76,False
1729946631.86,False
1729946631.96,False
1729946632.06,False
1729946632.16,False
1729946632.26,False
1729946632.36,False
1729946632.46,False
1729946632.56,False
1729946632.66,False
1729946632.76,False
1729946632.86,False
1729946632.96,False
1729946633.06,False
1729946633.16,False
1729946633.26,False
1729946633.36,False
1729946633.46,False
1729946633.56,False
1729946633.66,False
1729946633.76,False
1729946633.86,False
1729946633.96,False
1729946634.06,False
1729946634.16,False
1729946634.26,False
1729946634.36,False
1729946634.46,False
1729946634.56,False
1729946634.66,False
1729946634.76,False
1729946634.86,False
1729946634.96,False
1729946635.06,False
1729946635.16,False
1729946635.26,False
1729946635.36,False
1729946635.46,False
1729946635.56,False
1729946635.66,False
1729946635.76,False
1729946635.86,False
1729946635.96,False
1729946636.06,False
1729946636.16,False
1729946636.26,False
1729946636.36,False
1729946636.46,False
1729946636.56,False
1729946636.66,False
1729946636.76,False
1729946636.86,False
1729946636.96,False
1729946637.06,False
1729946637.16,False
1729946637.26,False
1729946637.36,False
1729946637.46,False
1729946637.56,False
1729946637.66,False
1729946637.76,False
1729946637.86,False
1729946637.96,False
1729946638.06,False
1729946638.16,False
1729946638.26,False
1729946638.36,False
1729946638.46,False
1729946638.56,False
1729946638.66,False
1729946638.76,False
1729946638.86,False
1729946638.96,False
1729946639.06,False
1729946639.16,False
1729946639.26,False
1729946639.36,False
1729946639.46,False
1729946639.56,False
1729946639.66,False
1729946639.76,False
1729946639.86,False
1729946639.96,False
1729946640.06,False
1729946640.16,False
1729946640.26,False
1729946640.36,False
1729946640.46,False
1729946640.56,False
1729946640.66,False
1729946640.76,False
1729946640.86,False
1729946640.96,False
1729946641.06,False
1729946641.16,True
1729946641.26,True
1729946641.36,True
1729946641.46,True
1729946641.56,True
1729946641.66,True
1729946641.76,False
1729946641.86,False
1729946641.96,False
1729946642.06,False
1729946642.16,False
1729946642.26,False
1729946642.36,False
1729946642.46,False
1729946642.56,False
1729946642.66,False
1729946642.76,False
1729946642.86,False
1729946642.96,False
1729946643.06,False
1729946643.16,False
1729946643.26,False
1729946643.36,False
1729946643.46,False
1729946643.56,False
1729946643.66,False
1729946643.76,False
1729946643.86,False
1729946643.96,False
1729946644.06,True
1729946644.16,True
1729946644.26,True
1729946644.36,True
1729946644.46,True
1729946644.56,True
1729946644.66,True
1729946644.76,True
1729946644.86,True
1729946644.96,True
1729946645.06,True
1729946645.16,True
1729946645.26,True
1729946645.36,True
1729946645.46,True
1729946645.56,False
1729946645.66,False
1729946645.76,False
1729946645.86,False
1729946645.96,False
1729946646.06,False
1729946646.16,False
1729946646.26,False
1729946646.36,False
1729946646.46,False
1729946646.56,False
1729946646.66,False
1729946646.76,False
1729946646.86,False
1729946646.96,False
1729946647.06,False
1729946647.16,False
1729946647.26,False
1729946647.36,False
1729946647.46,False
1729946647.56,False
1729946647.66,False
1729946647.76,False
1729946647.86,False
1729946647.96,False
1729946648.06,False
1729946648.16,False
1729946648.26,False
1729946648.36,False
1729946648.46,False
1729946648.56,False
1729946648.66,False
1729946648.76,False
1729946648.86,False
1729946648.96,False
1729946649.06,False
1729946649.16,False
1729946649.26,False
1729946649.36,False
1729946649.46,False
1729946649.56,True
1729946649.66,True
1729946649.76,True
1729946649.86,True
1729946649.96,True
1729946650.06,True
1729946650.16,False
1729946650.26,False
1729946650.36,False
1729946650.46,False
1729946650.56,False
1729946650.66,False
1729946650.76,False
1729946650.86,False
1729946650.96,False
1729946651.06,False
1729946651.16,False
1729946651.26,False
1729946651.36,False
1729946651.46,False
1729946651.56,False
1729946651.66,False
1729946651.76,False
1729946651.86,False
1729946651.96,False
1729946652.06,False
1729946652.16,False
1729946652.26,False
1729946652.36,False
1729946652.46,False
1729946652.56,False
1729946652.66,False
1729946652.76,False
1729946652.86,False
1729946652.96,False
1729946653.06,False
1729946653.16,False
1729946653.26,False
1729946653.36,False
1729946653.46,False
1729946653.56,False
1729946653.66,False
1729946653.76,False
1729946653.86,False
1729946653.96,False
1729946654.06,False
1729946654.16,False
1729946654.26,False
1729946654.36,False
1729946654.46,False
1729946654.56,False
1729946654.66,False
1729946654.76,False
1729946654.86,False
1729946654.96,False
1729946655.06,False
1729946655.16,False
1729946655.26,False
1729946655.36,False
1729946655.46,False
1729946655.56,False
1729946655.66,False
1729946655.76,False
1729946655.86,False
1729946655.96,False
1729946656.06,False
1729946656.16,False
1729946656.26,False
1729946656.36,False
1729946656.46,True
1729946656.56,True
1729946656.66,True
1729946656.76,True
1729946656.86,True
1729946656.96,True
1729946657.06,True
1729946657.16,True
1729946657.26,True
1729946657.36,True
1729946657.46,True
1729946657.56,True
1729946657.66,True
1729946657.76,True
1729946657.86,True
1729946657.96,True
1729946658.06,True
1729946658.16,True
1729946658.26,True
1729946658.36,True
1729946658.46,True
1729946658.56,True
1729946658.66,True
1729946658.76,True
1729946658.86,True
1729946658.96,True
1729946659.06,True
1729946659.16,True
1729946659.26,True
1729946659.36,True
1729946659.46,True
1729946659.56,True
1729946659.66,True
1729946659.76,True
1729946659.86,True
1729946659.96,False
1729946660.06,False
1729946660.16,False
1729946660.26,False
1729946660.36,False
1729946660.46,False
1729946660.56,False
1729946660.66,False
1729946660.76,False
1729946660.86,False
1729946660.96,False
1729946661.06,False
1729946661.16,False
1729946661.26,False
1729946661.36,False
1729946661.46,False
1729946661.56,False
1729946661.66,False
1729946661.76,False
1729946661.86,False
1729946661.96,False
1729946662.06,False
1729946662.16,False
1729946662.26,False
1729946662.36,False
1729946662.46,False
1729946662.56,False
1729946662.66,False
1729946662.76,False
1729946662.86,False
1729946662.96,False
1729946663.06,False
1729946663.16,False
1729946663.26,False
1729946663.36,False
1729946663.46,False
1729946663.56,False
1729946663.66,False
1729946663.76,False
1729946663.86,False
1729946663.96,False
1729946664.06,False
1729946664.16,False
1729946664.26,False
1729946664.36,False
1729946664.46,False
1729946664.56,False
1729946664.66,False
1729946664.76,False
1729946664.86,False
1729946664.96,False
1729946665.06,False
1729946665.16,False
1729946665.26,False
1729946665.36,False
1729946665.46,False
1729946665.56,False
1729946665.66,False
1729946665.76,False
1729946665.86,False
1729946665.96,False
1729946666.06,False
1729946666.16,False
1729946666.26,False
1729946666.36,False
1729946666.46,False
1729946666.56,False
1729946666.66,False
1729946666.76,False
1729946666.86,False
1729946666.96,False
1729946667.06,False
1729946667.16,False
1729946667.26,False
1729946667.36,False
1729946667.46,False
1729946667.56,False
1729946667.66,False
1729946667.76,False
1729946667.86,False
1729946667.96,True
1729946668.06,True
1729946668.16,True
1729946668.26,True
1729946668.36,True
1729946668.46,True
1729946668.56,True
1729946668.66,True
1729946668.76,True
1729946668.86,True
1729946668.96,True
1729946669.06,True
1729946669.16,True
1729946669.26,True
1729946669.36,True
1729946669.46,True
1729946669.56,True
1729946669.66,True
1729946669.76,True
1729946669.86,True
1729946669.96,True
1729946670.06,True
1729946670.16,True
1729946670.26,True
1729946670.36,True
1729946670.46,True
1729946670.56,True
1729946670.66,True
1729946670.76,True
1729946670.86,True
1729946670.96,True
1729946671.06,False
1729946671.16,False
1729946671.26,False
1729946671.36,False
1729946671.46,False
1729946671.56,False
1729946671.66,False
1729946671.76,False
1729946671.86,False
1729946671.96,False
1729946672.06,False
1729946672.16,False
1729946672.26,False
1729946672.36,False
1729946672.46,False
1729946672.56,False
1729946672.66,False
1729946672.76,False
1729946672.86,False
1729946672.96,False
1729946673.06,False
1729946673.16,False
1729946673.26,False
1729946673.36,False
1729946673.46,False
1729946673.56,False
1729946673.66,False
1729946673.76,False
1729946673.86,False
1729946673.96,False
1729946674.06,False
1729946674.16,False
1729946674.26,False
1729946674.36,False
1729946674.46,False
1729946674.56,False
1729946674.66,False
1729946674.76,False
1729946674.86,False
1729946674.96,False
1729946675.06,False
1729946675.16,False
1729946675.26,False
1729946675.36,False
1729946675.46,False
1729946675.56,False
1729946675.66,False
1729946675.76,False
1729946675.86,False
1729946675.96,False
1729946676.06,False
1729946676.16,False
1729946676.26,False
1729946676.36,False
1729946676.46,False
1729946676.56,False
1729946676.66,False
1729946676.76,False
1729946676.86,False
1729946676.96,False
1729946677.06,False
1729946677.16,False
1729946677.26,False
1729946677.36,False
1729946677.46,False
1729946677.56,False
1729946677.66,False
1729946677.76,False
1729946677.86,False
1729946677.96,False
1729946678.06,False
1729946678.16,False
1729946678.26,False
1729946678.36,False
1729946678.46,False
1729946678.56,False
1729946678.66,False
1729946678.76,False
1729946678.86,False
1729946678.96,False
1729946679.06,False
1729946679.16,False
1729946679.26,False
1729946679.36,False
1729946679.46,False
1729946679.56,False
1729946679.66,False
1729946679.76,False
1729946679.86,False
1729946679.96,False
1729946680.06,False
1729946680.16,False
1729946680.26,False
1729946680.36,False
1729946680.46,False
1729946680.56,False
1729946680.66,False
1729946680.76,False
1729946680.86,False
1729946680.96,False
1729946681.06,False
1729946681.16,False
1729946681.26,False
1729946681.36,False
1729946681.46,False
1729946681.56,False
1729946681.66,False
1729946681.76,False
1729946681.86,False
1729946681.96,False
1729946682.06,False
1729946682.16,False
1729946682.26,False
1729946682.36,False
1729946682.46,False
1729946682.56,False
1729946682.66,False
1729946682.76,False
1729946682.86,False
1729946682.96,False
1729946683.06,False
1729946683.16,False
1729946683.26,False
1729946683.36,False
1729946683.46,False
1729946683.56,False
1729946683.66,False
1729946683.76,False
1729946683.86,False
1729946683.96,False
1729946684.06,False
1729946684.16,False
1729946684.26,False
1729946684.36,False
1729946684.46,False
1729946684.56,False
1729946684.66,False
1729946684.76,False
1729946684.86,False
1729946684.96,False
1729946685.06,False
1729946685.16,False
1729946685.26,False
1729946685.36,False
1729946685.46,False
1729946685.56,False
1729946685.66,False
1729946685.76,False
1729946685.86,False
1729946685.96,False
1729946686.06,False
1729946686.16,False
1729946686.26,False
1729946686.36,False
1729946686.46,False
1729946686.56,False
1729946686.66,False
1729946686.76,False
1729946686.86,False
1729946686.96,False
1729946687.06,False
1729946687.16,False
1729946687.26,False
1729946687.36,False
1729946687.46,False
1729946687.56,False
1729946687.66,False
1729946687.76,False
1729946687.86,False
1729946687.96,False
1729946688.06,False
1729946688.16,False
1729946688.26,False
1729946688.36,False
1729946688.46,False
1729946688.56,False
1729946688.66,False
1729946688.76,False
1729946688.86,False
1729946688.96,False
1729946689.06,False
1729946689.16,False
1729946689.26,False
1729946689.36,False
1729946689.46,False
1729946689.56,False
1729946689.66,False
1729946689.76,False
1729946689.86,False
1729946689.96,False
1729946690.06,False
1729946690.16,False
1729946690.26,False
1729946690.36,False
1729946690.46,False
1729946690.56,False
1729946690.66,False
1729946690.76,False
1729946690.86,False
1729946690.96,False
1729946691.06,False
1729946691.16,False
1729946691.26,False
1729946691.36,False
1729946691.46,False
1729946691.56,False
1729946691.66,False
1729946691.76,False
1729946691.86,False
1729946691.96,False
1729946692.06,False
1729946692.16,False
1729946692.26,False
1729946692.36,False
1729946692.46,False
1729946692.56,False
1729946692.66,False
1729946692.76,False
1729946692.86,False
1729946692.96,False
1729946693.06,False
1729946693.16,False
1729946693.26,False
1729946693.36,False
1729946693.46,False
1729946693.56,False
1729946693.66,False
1729946693.76,False
1729946693.86,False
1729946693.96,False
1729946694.06,False
1729946694.16,False
1729946694.26,False
1729946694.36,False
1729946694.46,False
1729946694.56,False
1729946694.66,False
1729946694.76,False
1729946694.86,False
1729946694.96,False
1729946695.06,False
1729946695.16,False
1729946695.26,False
1729946695.36,False
1729946695.46,False
1729946695.56,False
1729946695.66,False
1729946695.76,False
1729946695.86,False
1729946695.96,False
1729946696.06,False
1729946696.16,False
1729946696.26,False
1729946696.36,False
1729946696.46,False
1729946696.56,False
1729946696.66,False
1729946696.76,False
1729946696.86,False
1729946696.96,False
1729946697.06,False
1729946697.16,False
1729946697.26,False
1729946697.36,False
1729946697.46,False
1729946697.56,False
1729946697.66,False
1729946697.76,False
1729946697.86,False
1729946697.96,False
1729946698.06,False
1729946698.16,False
1729946698.26,False
1729946698.36,False
1729946698.46,False
1729946698.56,False
1729946698.66,False
1729946698.76,False
1729946698.86,False
1729946698.96,False
1729946699.06,False
1729946699.16,False
1729946699.26,False
1729946699.36,False
1729946699.46,False
1729946699.56,False
1729946699.66,False
1729946699.76,False
1729946699.86,False
1729946699.96,False
1729946700.06,False
1729946700.16,False
1729946700.26,False
1729946700.36,False
1729946700.46,False
1729946700.56,False
1729946700.66,False
1729946700.76,False
1729946700.86,False
1729946700.96,False
1729946701.06,False
1729946701.16,False
1729946701.26,False
1729946701.36,False
1729946701.46,False
1729946701.56,False
1729946701.66,False
1729946701.76,False
1729946701.86,False
1729946701.96,False
1729946702.06,False
1729946702.16,False
1729946702.26,False
1729946702.36,False
1729946702.46,True
1729946702.56,True
1729946702.66,True
1729946702.76,True
1729946702.86,True
1729946702.96,True
1729946703.06,True
1729946703.16,True
1729946703.26,True
1729946703.36,True
1729946703.46,True
1729946703.56,True
1729946703.66,True
1729946703.76,True
1729946703.86,True
1729946703.96,True
1729946704.06,True
1729946704.16,True
1729946704.26,False
1729946704.36,False
1729946704.46,False
1729946704.56,False
1729946704.66,False
1729946704.76,False
1729946704.86,False
1729946704.96,False
1729946705.06,False
1729946705.16,False
1729946705.26,True
1729946705.36,True
1729946705.46,True
1729946705.56,True
1729946705.66,True
1729946705.76,False
1729946705.86,False
1729946705.96,False
1729946706.06,False
1729946706.16,False
1729946706.26,False
1729946706.36,False
1729946706.46,False
1729946706.56,False
1729946706.66,False
1729946706.76,False
1729946706.86,False
1729946706.96,False
1729946707.06,False
1729946707.16,False
1729946707.26,False
1729946707.36,False
1729946707.46,False
1729946707.56,False
1729946707.66,False
1729946707.76,False
1729946707.86,False
1729946707.96,False
1729946708.06,False
1729946708.16,False
1729946708.26,False
1729946708.36,False
1729946708.46,False
1729946708.56,False
1729946708.66,False
1729946708.76,False
1729946708.86,False
1729946708.96,False
1729946709.06,False
1729946709.16,False
1729946709.26,False
1729946709.36,False
1729946709.46,False
1729946709.56,False
1729946709.66,False
1729946709.76,False
1729946709.86,False
1729946709.96,False
1729946710.06,False
1729946710.16,False
1729946710.26,False
1729946710.36,False
1729946710.46,False
1729946710.56,False
1729946710.66,False
1729946710.76,False
1729946710.86,False
1729946710.96,False
1729946711.06,False
1729946711.16,False
1729946711.26,False
1729946711.36,False
1729946711.46,False
1729946711.56,False
1729946711.66,False
1729946711.76,False
1729946711.86,False
1729946711.96,False
1729946712.06,False
1729946712.16,False
1729946712.26,False
1729946712.36,False
1729946712.46,False
1729946712.56,False
1729946712.66,False
1729946712.76,False
1729946712.86,False
1729946712.96,False
1729946713.06,False
1729946713.16,False
1729946713.26,False
1729946713.36,False
1729946713.46,False
1729946713.56,False
1729946713.66,False
1729946713.76,False
1729946713.86,False
1729946713.96,False
1729946714.06,False
1729946714.16,False
1729946714.26,False
1729946714.36,False
1729946714.46,False
1729946714.56,False
1729946714.66,False
1729946714.76,False
1729946714.86,False
1729946714.96,False
1729946715.06,False
1729946715.16,False
1729946715.26,False
1729946715.36,False
1729946715.46,False
1729946715.56,False
1729946715.66,False
1729946715.76,False
1729946715.86,False
1729946715.96,False
1729946716.06,False
1729946716.16,False
1729946716.26,False
1729946716.36,False
1729946716.46,False
1729946716.56,False
1729946716.66,False
1729946716.76,False
1729946716.86,False
1729946716.96,False
1729946717.06,False
1729946717.16,False
1729946717.26,False
1729946717.36,False
1729946717.46,False
1729946717.56,False
1729946717.66,False
1729946717.76,False
1729946717.86,False
1729946717.96,False
1729946718.06,False
1729946718.16,False
1729946718.26,False
1729946718.36,False
1729946718.46,False
1729946718.56,False
1729946718.66,False
1729946718.76,False
1729946718.86,False
1729946718.96,False
1729946719.06,False
1729946719.16,False
1729946719.26,False
1729946719.36,False
1729946719.46,False
1729946719.56,False
1729946719.66,False
1729946719.76,False
1729946719.86,False
1729946719.96,False
1729946720.06,False
1729946720.16,False
1729946720.26,False
1729946720.36,False
1729946720.46,False
1729946720.56,False
1729946720.66,False
1729946720.76,False
1729946720.86,False
1729946720.96,False
1729946721.06,False
1729946721.16,False
1729946721.26,False
1729946721.36,False
1729946721.46,False
1729946721.56,False
1729946721.66,False
1729946721.76,False
1729946721.86,False
1729946721.96,False
1729946722.06,False
1729946722.16,False
1729946722.26,False
1729946722.36,False
1729946722.46,False
1729946722.56,False
1729946722.66,False
1729946722.76,False
1729946722.86,False
1729946722.96,False
1729946723.06,False
1729946723.16,False
1729946723.26,False
1729946723.36,False
1729946723.46,False
1729946723.56,False
1729946723.66,False
1729946723.76,False
1729946723.86,False
1729946723.96,False
1729946724.06,False
1729946724.16,False
1729946724.26,False
1729946724.36,False
1729946724.46,False
1729946724.56,False
1729946724.66,False
1729946724.76,False
1729946724.86,False
1729946724.96,False
1729946725.06,False
1729946725.16,False
1729946725.26,False
1729946725.36,False
1729946725.46,False
1729946725.56,False
1729946725.66,False
1729946725.76,False
1729946725.86,False
1729946725.96,False
1729946726.06,False
1729946726.16,False
1729946726.26,False
1729946726.36,False
1729946726.46,False
1729946726.56,False
1729946726.66,False
1729946726.76,False
1729946726.86,False
1729946726.96,False
1729946727.06,False
1729946727.16,False
1729946727.26,False
1729946727.36,False
1729946727.46,False
1729946727.56,False
1729946727.66,False
1729946727.76,False
1729946727.86,False
1729946727.96,False
1729946728.06,False
1729946728.16,False
1729946728.26,False
1729946728.36,False
1729946728.46,False
1729946728.56,False
1729946728.66,False
1729946728.76,False
1729946728.86,False
1729946728.96,False
1729946729.06,False
1729946729.16,False
1729946729.26,False
1729946729.36,False
1729946729.46,False
1729946729.56,False
1729946729.66,False
1729946729.76,False
1729946729.86,False
1729946729.96,False
1729946730.06,False
1729946730.16,False
1729946730.26,False
1729946730.36,False
1729946730.46,False
1729946730.56,False
1729946730.66,False
1729946730.76,False
1729946730.86,False
1729946730.96,False
1729946731.06,True
1729946731.16,True
1729946731.26,True
1729946731.36,True
1729946731.46,True
1729946731.56,True
1729946731.66,True
1729946731.76,True
1729946731.86,True
1729946731.96,True
1729946732.06,True
1729946732.16,True
1729946732.26,True
1729946732.36,True
1729946732.46,True
1729946732.56,True
1729946732.66,True
1729946732.76,True
1729946732.86,True
1729946732.96,True
1729946733.06,True
1729946733.16,True
1729946733.26,True
1729946733.36,True
1729946733.46,True
1729946733.56,True
1729946733.66,True
1729946733.76,True
1729946733.86,True
1729946733.96,True
1729946734.06,True
1729946734.16,True
1729946734.26,True
1729946734.36,True
1729946734.46,False
1729946734.56,False
1729946734.66,False
1729946734.76,False
1729946734.86,False
1729946734.96,False
1729946735.06,False
1729946735.16,False
1729946735.26,False
1729946735.36,False
1729946735.46,False
1729946735.56,False
1729946735.66,False
1729946735.76,False
1729946735.86,False
1729946735.96,False
1729946736.06,False
1729946736.16,False
1729946736.26,False
1729946736.36,False
1729946736.46,False
1729946736.56,False
1729946736.66,False
1729946736.76,False
1729946736.86,False
1729946736.96,False
1729946737.06,False
1729946737.16,False
1729946737.26,False
1729946737.36,False
1729946737.46,False
1729946737.56,False
1729946737.66,False
1729946737.76,False
1729946737.86,False
1729946737.96,False
1729946738.06,False
1729946738.16,False
1729946738.26,False
1729946738.36,False
1729946738.46,False
1729946738.56,False
1729946738.66,False
1729946738.76,False
1729946738.86,False
1729946738.96,False
1729946739.06,False
1729946739.16,False
1729946739.26,False
1729946739.36,False
1729946739.46,False
1729946739.56,False
1729946739.66,False
1729946739.76,False
1729946739.86,False
1729946739.96,False
1729946740.06,False
1729946740.16,False
1729946740.26,False
1729946740.36,False
1729946740.46,False
1729946740.56,False
1729946740.66,False
1729946740.76,False
1729946740.86,False
1729946740.96,False
1729946741.06,False
1729946741.16,False
1729946741.26,False
1729946741.36,False
1729946741.46,False
1729946741.56,False
1729946741.66,False
1729946741.76,False
1729946741.86,False
1729946741.96,False
1729946742.06,False
1729946742.16,False
1729946742.26,False
1729946742.36,False
1729946742.46,False
1729946742.56,False
1729946742.66,False
1729946742.76,False
1729946742.86,False
1729946742.96,False
1729946743.06,False
1729946743.16,False
1729946743.26,False
1729946743.36,False
1729946743.46,False
1729946743.56,False
1729946743.66,False
1729946743.76,False
1729946743.86,False
1729946743.96,False
1729946744.06,False
1729946744.16,False
1729946744.26,False
1729946744.36,False
1729946744.46,False
1729946744.56,False
1729946744.66,False
1729946744.76,False
1729946744.86,False
1729946744.96,False
1729946745.06,False
1729946745.16,False
1729946745.26,False
1729946745.36,False
1729946745.46,False
1729946745.56,False
1729946745.66,False
1729946745.76,False
1729946745.86,False
1729946745.96,False
1729946746.06,False
1729946746.16,False
1729946746.26,False
1729946746.36,False
1729946746.46,False
1729946746.56,False
1729946746.66,False
1729946746.76,False
1729946746.86,False
1729946746.96,False
1729946747.06,False
1729946747.16,False
1729946747.26,False
1729946747.36,False
1729946747.46,False
1729946747.56,False
1729946747.66,False
1729946747.76,False
1729946747.86,False
1729946747.96,False
1729946748.06,False
1729946748.16,False
1729946748.26,False
1729946748.36,False
1729946748.46,False
1729946748.56,False
1729946748.66,False
1729946748.76,False
1729946748.86,False
1729946748.96,False
1729946749.06,False
1729946749.16,False
1729946749.26,False
1729946749.36,False
1729946749.46,False
1729946749.56,False
1729946749.66,False
1729946749.76,False
1729946749.86,False
1729946749.96,False
1729946750.06,False
1729946750.16,False
1729946750.26,False
1729946750.36,False
1729946750.46,False
1729946750.56,False
1729946750.66,False
1729946750.76,False
1729946750.86,False
1729946750.96,False
1729946751.06,False
1729946751.16,False
1729946751.26,False
1729946751.36,False
1729946751.46,False
1729946751.56,False
1729946751.66,False
1729946751.76,False
1729946751.86,False
1729946751.96,False
1729946752.06,False
1729946752.16,False
1729946752.26,False
1729946752.36,False
1729946752.46,True
1729946752.56,True
1729946752.66,True
1729946752.76,True
1729946752.86,True
1729946752.96,True
1729946753.06,True
1729946753.16,True
1729946753.26,True
1729946753.36,True
1729946753.46,True
1729946753.56,True
1729946753.66,True
1729946753.76,True
1729946753.86,True
1729946753.96,True
1729946754.06,True
1729946754.16,True
1729946754.26,True
1729946754.36,True
1729946754.46,True
1729946754.56,True
1729946754.66,True
1729946754.76,True
1729946754.86,True
1729946754.96,True
1729946755.06,True
1729946755.16,True
1729946755.26,True
1729946755.36,True
1729946755.46,True
1729946755.56,True
1729946755.66,True
1729946755.76,True
1729946755.86,True
1729946755.96,True
1729946756.06,True
1729946756.16,False
1729946756.26,False
1729946756.36,False
1729946756.46,False
1729946756.56,False
1729946756.66,False
1729946756.76,False
1729946756.86,False
1729946756.96,False
1729946757.06,False
1729946757.16,False
1729946757.26,False
1729946757.36,False
1729946757.46,False
1729946757.56,False
1729946757.66,False
1729946757.76,False
1729946757.86,False
1729946757.96,False
1729946758.06,False
1729946758.16,False
1729946758.26,False
1729946758.36,False
1729946758.46,False
1729946758.56,False
1729946758.66,False
1729946758.76,False
1729946758.86,False
1729946758.96,False
1729946759.06,False
1729946759.16,False
1729946759.26,False
1729946759.36,False
1729946759.46,False
1729946759.56,False
1729946759.66,False
1729946759.76,False
1729946759.86,False
1729946759.96,False
1729946760.06,False
1729946760.16,False
1729946760.26,False
1729946760.36,False
1729946760.46,False
1729946760.56,False
1729946760.66,False
1729946760.76,False
1729946760.86,False
1729946760.96,False
1729946761.06,False
1729946761.16,False
1729946761.26,False
1729946761.36,False
1729946761.46,False
1729946761.56,False
1729946761.66,False
1729946761.76,False
1729946761.86,False
1729946761.96,False
1729946762.06,False
1729946762.16,False
1729946762.26,True
1729946762.36,True
1729946762.46,True
1729946762.56,True
1729946762.66,True
1729946762.76,True
1729946762.86,True
1729946762.96,True
1729946763.06,True
1729946763.16,True
1729946763.26,True
1729946763.36,True
1729946763.46,True
1729946763.56,True
1729946763.66,True
1729946763.76,True
1729946763.86,True
1729946763.96,True
1729946764.06,True
1729946764.16,True
1729946764.26,True
1729946764.36,True
1729946764.46,True
1729946764.56,True
1729946764.66,True
1729946764.76,True
1729946764.86,True
1729946764.96,True
1729946765.06,True
1729946765.16,True
1729946765.26,True
1729946765.36,True
1729946765.46,True
1729946765.56,True
1729946765.66,True
1729946765.76,False
1729946765.86,False
1729946765.96,False
1729946766.06,False
1729946766.16,False
1729946766.26,False
1729946766.36,False
1729946766.46,False
1729946766.56,False
1729946766.66,False
1729946766.76,False
1729946766.86,False
1729946766.96,False
1729946767.06,False
1729946767.16,False
1729946767.26,False
1729946767.36,False
1729946767.46,True
1729946767.56,True
1729946767.66,True
1729946767.76,True
1729946767.86,True
1729946767.96,True
1729946768.06,True
1729946768.16,True
1729946768.26,True
1729946768.36,True
1729946768.46,True
1729946768.56,True
1729946768.66,True
1729946768.76,True
1729946768.86,True
1729946768.96,True
1729946769.06,True
1729946769.16,True
1729946769.26,True
1729946769.36,True
1729946769.46,True
1729946769.56,True
1729946769.66,True
1729946769.76,True
1729946769.86,True
1729946769.96,True
1729946770.06,True
1729946770.16,True
1729946770.26,True
1729946770.36,True
1729946770.46,True
1729946770.56,True
1729946770.66,True
1729946770.76,False
1729946770.86,False
1729946770.96,False
1729946771.06,False
1729946771.16,False
1729946771.26,False
1729946771.36,False
1729946771.46,False
1729946771.56,False
1729946771.66,False
1729946771.76,False
1729946771.86,False
1729946771.96,False
1729946772.06,False
1729946772.16,False
1729946772.26,False
1729946772.36,False
1729946772.46,False
1729946772.56,False
1729946772.66,False
1729946772.76,False
1729946772.86,False
1729946772.96,False
1729946773.06,False
1729946773.16,False
1729946773.26,False
1729946773.36,False
1729946773.46,False
1729946773.56,False
1729946773.66,False
1729946773.76,False
1729946773.86,False
1729946773.96,False
1729946774.06,False
1729946774.16,False
1729946774.26,True
1729946774.36,True
1729946774.46,True
1729946774.56,True
1729946774.66,True
1729946774.76,True
1729946774.86,True
1729946774.96,True
1729946775.06,True
1729946775.16,True
1729946775.26,True
1729946775.36,True
1729946775.46,True
1729946775.56,True
1729946775.66,True
1729946775.76,True
1729946775.86,True
1729946775.96,True
1729946776.06,True
1729946776.16,True
1729946776.26,True
1729946776.36,True
1729946776.46,False
1729946776.56,False
1729946776.66,False
1729946776.76,False
1729946776.86,False
1729946776.96,False
1729946777.06,False
1729946777.16,False
1729946777.26,False
1729946777.36,False
1729946777.46,False
1729946777.56,False
1729946777.66,False
1729946777.76,False
1729946777.86,False
1729946777.96,False
1729946778.06,False
1729946778.16,False
1729946778.26,False
1729946778.36,False
1729946778.46,False
1729946778.56,False
1729946778.66,False
1729946778.76,False
1729946778.86,False
1729946778.96,False
1729946779.06,False
1729946779.16,False
1729946779.26,True
1729946779.36,True
1729946779.46,True
1729946779.56,True
1729946779.66,True
1729946779.76,True
1729946779.86,True
1729946779.96,True
1729946780.06,True
1729946780.16,True
1729946780.26,True
1729946780.36,True
1729946780.46,True
1729946780.56,True
1729946780.66,True
1729946780.76,True
1729946780.86,True
1729946780.96,True
1729946781.06,True
1729946781.16,True
1729946781.26,True
1729946781.36,True
1729946781.46,True
1729946781.56,True
1729946781.66,True
1729946781.76,True
1729946781.86,True
1729946781.96,True
1729946782.06,True
1729946782.16,True
1729946782.26,False
1729946782.36,False
1729946782.46,False
1729946782.56,False
1729946782.66,False
1729946782.76,False
1729946782.86,False
1729946782.96,False
1729946783.06,False
1729946783.16,False
1729946783.26,False
1729946783.36,False
1729946783.46,False
1729946783.56,False
1729946783.66,False
1729946783.76,True
1729946783.86,True
1729946783.96,True
1729946784.06,True
1729946784.16,True
1729946784.26,True
1729946784.36,True
1729946784.46,True
1729946784.56,True
1729946784.66,True
1729946784.76,True
1729946784.86,True
1729946784.96,True
1729946785.06,True
1729946785.16,True
1729946785.26,True
1729946785.36,True
1729946785.46,True
1729946785.56,True
1729946785.66,True
1729946785.76,True
1729946785.86,True
1729946785.96,True
1729946786.06,True
1729946786.16,True
1729946786.26,True
1729946786.36,True
1729946786.46,True
1729946786.56,True
1729946786.66,True
1729946786.76,False
1729946786.86,False
1729946786.96,False
1729946787.06,False
1729946787.16,False
1729946787.26,False
1729946787.36,False
1729946787.46,False
1729946787.56,False
1729946787.66,False
1729946787.76,False
1729946787.86,False
1729946787.96,True
1729946788.06,True
1729946788.16,True
1729946788.26,True
1729946788.36,True
1729946788.46,False
1729946788.56,False
1729946788.66,False
1729946788.76,False
1729946788.86,False
1729946788.96,True
1729946789.06,True
1729946789.16,False
1729946789.26,False
1729946789.36,False
1729946789.46,False
1729946789.56,False
1729946789.66,False
1729946789.76,False
1729946789.86,False
1729946789.96,False
1729946790.06,False
1729946790.16,False
1729946790.26,False
1729946790.36,False
1729946790.46,False
1729946790.56,False
1729946790.66,False
1729946790.76,False
1729946790.86,False
1729946790.96,False
1729946791.06,False
1729946791.16,False
1729946791.26,False
1729946791.36,False
1729946791.46,False
1729946791.56,False
1729946791.66,False
1729946791.76,False
1729946791.86,False
1729946791.96,False
1729946792.06,False
1729946792.16,False
1729946792.26,False
1729946792.36,False
1729946792.46,False
1729946792.56,False
1729946792.66,False
1729946792.76,False
1729946792.86,False
1729946792.96,False
1729946793.06,False
1729946793.16,False
1729946793.26,False
1729946793.36,False
1729946793.46,False
1729946793.56,False
1729946793.66,False
1729946793.76,False
1729946793.86,False
1729946793.96,False
1729946794.06,False
1729946794.16,False
1729946794.26,False
1729946794.36,False
1729946794.46,False
1729946794.56,False
1729946794.66,False
1729946794.76,False
1729946794.86,False
1729946794.96,False
1729946795.06,False
1729946795.16,False
1729946795.26,False
1729946795.36,False
1729946795.46,False
1729946795.56,False
1729946795.66,False
1729946795.76,False
1729946795.86,False
1729946795.96,False
1729946796.06,False
1729946796.16,False
1729946796.26,False
1729946796.36,False
1729946796.46,False
1729946796.56,False
1729946796.66,False
1729946796.76,False
1729946796.86,False
1729946796.96,False
1729946797.06,False
1729946797.16,False
1729946797.26,False
1729946797.36,False
1729946797.46,False
1729946797.56,False
1729946797.66,False
1729946797.76,False
1729946797.86,False
1729946797.96,False
1729946798.06,False
1729946798.16,False
1729946798.26,False
1729946798.36,False
1729946798.46,False
1729946798.56,False
1729946798.66,False
1729946798.76,False
1729946798.86,False
1729946798.96,False
1729946799.06,False
1729946799.16,False
1729946799.26,False
1729946799.36,False
1729946799.46,False
1729946799.56,False
1729946799.66,False
1729946799.76,False
1729946799.86,False
1729946799.96,False
1729946800.06,False
1729946800.16,False
1729946800.26,False
1729946800.36,False
1729946800.46,False
1729946800.56,False
1729946800.66,False
1729946800.76,False
1729946800.86,False
1729946800.96,False
1729946801.06,False
1729946801.16,False
1729946801.26,False
1729946801.36,False
1729946801.46,False
1729946801.56,False
1729946801.66,False
1729946801.76,False
1729946801.86,False
1729946801.96,False
1729946802.06,False
1729946802.16,False
1729946802.26,False
1729946802.36,False
1729946802.46,False
1729946802.56,False
1729946802.66,False
1729946802.76,False
1729946802.86,False
1729946802.96,False
1729946803.06,False
1729946803.16,False
1729946803.26,False
1729946803.36,False
1729946803.46,False
1729946803.56,False
1729946803.66,False
1729946803.76,False
1729946803.86,False
1729946803.96,False
1729946804.06,False
1729946804.16,False
1729946804.26,False
1729946804.36,False
1729946804.46,False
1729946804.56,False
1729946804.66,False
1729946804.76,False
1729946804.86,False
1729946804.96,False
1729946805.06,False
1729946805.16,False
1729946805.26,False
1729946805.36,False
1729946805.46,False
1729946805.56,False
1729946805.66,False
1729946805.76,False
1729946805.86,False
1729946805.96,False
1729946806.06,False
1729946806.16,False
1729946806.26,False
1729946806.36,False
1729946806.46,False
1729946806.56,False
1729946806.66,False
1729946806.76,False
1729946806.86,False
1729946806.96,False
1729946807.06,False
1729946807.16,False
1729946807.26,False
1729946807.36,False
1729946807.46,False
1729946807.56,False
1729946807.66,False
1729946807.76,False
1729946807.86,False
1729946807.96,False
1729946808.06,False
1729946808.16,False
1729946808.26,False
1729946808.36,False
1729946808.46,False
1729946808.56,False
1729946808.66,False
1729946808.76,False
1729946808.86,False
1729946808.96,False
1729946809.06,False
1729946809.16,False
1729946809.26,False
1729946809.36,False
1729946809.46,False
1729946809.56,False
1729946809.66,False
1729946809.76,False
1729946809.86,False
1729946809.96,False
1729946810.06,False
1729946810.16,False
1729946810.26,False
1729946810.36,False
1729946810.46,False
1729946810.56,False
1729946810.66,False
1729946810.76,False
1729946810.86,False
1729946810.96,False
1729946811.06,False
1729946811.16,False
1729946811.26,False
1729946811.36,False
1729946811.46,False
1729946811.56,False
1729946811.66,False
1729946811.76,False
1729946811.86,False
1729946811.96,False
1729946812.06,False
1729946812.16,False
1729946812.26,False
1729946812.36,False
1729946812.46,False
1729946812.56,False
1729946812.66,False
1729946812.76,False
1729946812.86,False
1729946812.96,False
1729946813.06,False
1729946813.16,False
1729946813.26,False
1729946813.36,False
1729946813.46,False
1729946813.56,False
1729946813.66,False
1729946813.76,False
1729946813.86,False
1729946813.96,False
1729946814.06,False
1729946814.16,False
1729946814.26,False
1729946814.36,False
1729946814.46,False
1729946814.56,False
1729946814.66,False
1729946814.76,False
1729946814.86,False
1729946814.96,False
1729946815.06,False
1729946815.16,False
1729946815.26,False
1729946815.36,False
1729946815.46,False
1729946815.56,False
1729946815.66,False
1729946815.76,False
1729946815.86,False
1729946815.96,False
1729946816.06,False
1729946816.16,False
1729946816.26,False
1729946816.36,False
1729946816.46,False
1729946816.56,False
1729946816.66,False
1729946816.76,False
1729946816.86,False
1729946816.96,False
1729946817.06,False
1729946817.16,False
1729946817.26,False
1729946817.36,False
1729946817.46,False
1729946817.56,True
1729946817.66,True
1729946817.76,True
1729946817.86,True
1729946817.96,True
1729946818.06,True
1729946818.16,True
1729946818.26,True
1729946818.36,True
1729946818.46,True
1729946818.56,True
1729946818.66,True
1729946818.76,True
1729946818.86,True
1729946818.96,True
1729946819.06,True
1729946819.16,True
1729946819.26,True
1729946819.36,True
1729946819.46,True
1729946819.56,True
1729946819.66,True
1729946819.76,True
1729946819.86,True
1729946819.96,True
1729946820.06,True
1729946820.16,True
1729946820.26,True
1729946820.36,True
1729946820.46,True
1729946820.56,True
1729946820.66,True
1729946820.76,True
1729946820.86,True
1729946820.96,False
1729946821.06,False
1729946821.16,False
1729946821.26,False
1729946821.36,False
1729946821.46,False
1729946821.56,False
1729946821.66,False
1729946821.76,False
1729946821.86,False
1729946821.96,False
1729946822.06,False
1729946822.16,False
1729946822.26,False
1729946822.36,False
1729946822.46,False
1729946822.56,False
1729946822.66,False
1729946822.76,False
1729946822.86,False
1729946822.96,False
1729946823.06,False
1729946823.16,False
1729946823.26,False
1729946823.36,False
1729946823.46,False
1729946823.56,False
1729946823.66,False
1729946823.76,False
1729946823.86,False
1729946823.96,False
1729946824.06,False
1729946824.16,False
1729946824.26,False
1729946824.36,False
1729946824.46,False
1729946824.56,False
1729946824.66,False
1729946824.76,False
1729946824.86,False
1729946824.96,False
1729946825.06,False
1729946825.16,False
1729946825.26,False
1729946825.36,False
1729946825.46,False
1729946825.56,False
1729946825.66,False
1729946825.76,False
1729946825.86,False
1729946825.96,False
1729946826.06,False
1729946826.16,False
1729946826.26,False
1729946826.36,False
1729946826.46,False
1729946826.56,False
1729946826.66,False
1729946826.76,False
1729946826.86,False
1729946826.96,False
1729946827.06,False
1729946827.16,False
1729946827.26,False
1729946827.36,False
1729946827.46,False
1729946827.56,False
1729946827.66,False
1729946827.76,False
1729946827.86,False
1729946827.96,False
1729946828.06,False
1729946828.16,False
1729946828.26,False
1729946828.36,False
1729946828.46,True
1729946828.56,True
1729946828.66,True
1729946828.76,True
1729946828.86,True
1729946828.96,True
1729946829.06,True
1729946829.16,True
1729946829.26,True
1729946829.36,True
1729946829.46,True
1729946829.56,True
1729946829.66,True
1729946829.76,True
1729946829.86,True
1729946829.96,True
1729946830.06,True
1729946830.16,True
1729946830.26,True
1729946830.36,True
1729946830.46,True
1729946830.56,True
1729946830.66,True
1729946830.76,True
1729946830.86,True
1729946830.96,True
1729946831.06,True
1729946831.16,True
1729946831.26,True
1729946831.36,True
1729946831.46,True
1729946831.56,True
1729946831.66,True
1729946831.76,True
1729946831.86,True
1729946831.96,True
1729946832.06,True
1729946832.16,True
1729946832.26,False
1729946832.36,False
1729946832.46,False
1729946832.56,False
1729946832.66,False
1729946832.76,False
1729946832.86,False
1729946832.96,False
1729946833.06,False
1729946833.16,False
1729946833.26,False
1729946833.36,False
1729946833.46,False
1729946833.56,False
1729946833.66,False
1729946833.76,False
1729946833.86,False
1729946833.96,False
1729946834.06,False
1729946834.16,False
1729946834.26,False
1729946834.36,False
1729946834.46,False
1729946834.56,False
1729946834.66,False
1729946834.76,False
1729946834.86,False
1729946834.96,False
1729946835.06,False
1729946835.16,False
1729946835.26,False
1729946835.36,True
1729946835.46,True
1729946835.56,True
1729946835.66,True
1729946835.76,True
1729946835.86,True
1729946835.96,True
1729946836.06,True
1729946836.16,True
1729946836.26,True
1729946836.36,True
1729946836.46,True
1729946836.56,True
1729946836.66,True
1729946836.76,True
1729946836.86,True
1729946836.96,True
1729946837.06,True
1729946837.16,True
1729946837.26,True
1729946837.36,True
1729946837.46,True
1729946837.56,True
1729946837.66,True
1729946837.76,True
1729946837.86,True
1729946837.96,True
1729946838.06,True
1729946838.16,True
1729946838.26,True
1729946838.36,True
1729946838.46,True
1729946838.56,True
1729946838.66,True
1729946838.76,True
1729946838.86,True
1729946838.96,False
1729946839.06,False
1729946839.16,False
1729946839.26,False
1729946839.36,False
1729946839.46,False
1729946839.56,False
1729946839.66,False
1729946839.76,False
1729946839.86,False
1729946839.96,False
1729946840.06,False
1729946840.16,False
1729946840.26,False
1729946840.36,False
1729946840.46,False
1729946840.56,False
1729946840.66,False
1729946840.76,False
1729946840.86,False
1729946840.96,False
1729946841.06,False
1729946841.16,False
1729946841.26,False
1729946841.36,False
1729946841.46,False
1729946841.56,False
1729946841.66,False
1729946841.76,False
1729946841.86,False
1729946841.96,False
1729946842.06,False
1729946842.16,False
1729946842.26,False
1729946842.36,False
1729946842.46,False
1729946842.56,False
1729946842.66,False
1729946842.76,False
1729946842.86,False
1729946842.96,False
1729946843.06,False
1729946843.16,False
1729946843.26,False
1729946843.36,False
1729946843.46,False
1729946843.56,False
1729946843.66,False
1729946843.76,False
1729946843.86,False
1729946843.96,False
1729946844.06,False
1729946844.16,False
1729946844.26,False
1729946844.36,False
1729946844.46,False
1729946844.56,False
1729946844.66,False
1729946844.76,False
1729946844.86,False
1729946844.96,False
1729946845.06,False
1729946845.16,False
1729946845.26,False
1729946845.36,False
1729946845.46,False
1729946845.56,False
1729946845.66,False
1729946845.76,False
1729946845.86,False
1729946845.96,False
1729946846.06,False
1729946846.16,False
1729946846.26,False
1729946846.36,False
1729946846.46,False
1729946846.56,False
1729946846.66,False
1729946846.76,False
1729946846.86,False
1729946846.96,False
1729946847.06,False
1729946847.16,False
1729946847.26,False
1729946847.36,False
1729946847.46,False
1729946847.56,False
1729946847.66,False
1729946847.76,False
1729946847.86,False
1729946847.96,False
1729946848.06,False
1729946848.16,False
1729946848.26,False
1729946848.36,False
1729946848.46,False
1729946848.56,False
1729946848.66,False
1729946848.76,False
1729946848.86,False
1729946848.96,False
1729946849.06,False
1729946849.16,False
1729946849.26,False
1729946849.36,False
1729946849.46,False
1729946849.56,False
1729946849.66,False
1729946849.76,False
1729946849.86,False
1729946849.96,False
1729946850.06,False
1729946850.16,False
1729946850.26,False
1729946850.36,False
1729946850.46,False
1729946850.56,False
1729946850.66,False
1729946850.76,False
1729946850.86,False
1729946850.96,False
1729946851.06,False
1729946851.16,False
1729946851.26,False
1729946851.36,False
1729946851.46,False
1729946851.56,False
1729946851.66,False
1729946851.76,False
1729946851.86,False
1729946851.96,False
1729946852.06,False
1729946852.16,False
1729946852.26,False
1729946852.36,False
1729946852.46,False
1729946852.56,False
1729946852.66,False
1729946852.76,False
1729946852.86,False
1729946852.96,False
1729946853.06,False
1729946853.16,False
1729946853.26,False
1729946853.36,False
1729946853.46,False
1729946853.56,False
1729946853.66,False
1729946853.76,False
1729946853.86,False
1729946853.96,False
1729946854.06,False
1729946854.16,False
1729946854.26,False
1729946854.36,False
1729946854.46,False
1729946854.56,False
1729946854.66,False
1729946854.76,False
1729946854.86,False
1729946854.96,False
1729946855.06,False
1729946855.16,False
1729946855.26,False
1729946855.36,False
1729946855.46,False
1729946855.56,False
1729946855.66,False
1729946855.76,False
1729946855.86,False
1729946855.96,False
1729946856.06,False
1729946856.16,False
1729946856.26,False
1729946856.36,False
1729946856.46,False
1729946856.56,False
1729946856.66,False
1729946856.76,False
1729946856.86,False
1729946856.96,False
1729946857.06,False
1729946857.16,False
1729946857.26,False
1729946857.36,False
1729946857.46,False
1729946857.56,False
1729946857.66,False
1729946857.76,True
1729946857.86,True
1729946857.96,True
1729946858.06,True
1729946858.16,True
1729946858.26,True
1729946858.36,True
1729946858.46,True
1729946858.56,True
1729946858.66,True
1729946858.76,True
1729946858.86,True
1729946858.96,True
1729946859.06,True
1729946859.16,True
1729946859.26,True
1729946859.36,True
1729946859.46,True
1729946859.56,True
1729946859.66,True
1729946859.76,True
1729946859.86,True
1729946859.96,True
1729946860.06,True
1729946860.16,True
1729946860.26,True
1729946860.36,True
1729946860.46,True
1729946860.56,False
1729946860.66,False
1729946860.76,False
1729946860.86,False
1729946860.96,False
1729946861.06,False
1729946861.16,False
1729946861.26,False
1729946861.36,False
1729946861.46,False
1729946861.56,False
1729946861.66,False
1729946861.76,False
1729946861.86,False
1729946861.96,False
1729946862.06,False
1729946862.16,False
1729946862.26,False
1729946862.36,False
1729946862.46,False
1729946862.56,False
1729946862.66,False
1729946862.76,False
1729946862.86,False
1729946862.96,False
1729946863.06,False
1729946863.16,False
1729946863.26,False
1729946863.36,False
1729946863.46,False
1729946863.56,False
1729946863.66,False
1729946863.76,False
1729946863.86,False
1729946863.96,False
1729946864.06,False
1729946864.16,False
1729946864.26,False
1729946864.36,False
1729946864.46,False
1729946864.56,False
1729946864.66,False
1729946864.76,False
1729946864.86,False
1729946864.96,False
1729946865.06,False
1729946865.16,False
1729946865.26,False
1729946865.36,False
1729946865.46,False
1729946865.56,False
1729946865.66,False
1729946865.76,False
1729946865.86,False
1729946865.96,False
1729946866.06,False
1729946866.16,False
1729946866.26,False
1729946866.36,False
1729946866.46,False
1729946866.56,False
1729946866.66,True
1729946866.76,True
1729946866.86,True
1729946866.96,True
1729946867.06,True
1729946867.16,True
1729946867.26,True
1729946867.36,True
1729946867.46,True
1729946867.56,True
1729946867.66,True
1729946867.76,True
1729946867.86,True
1729946867.96,True
1729946868.06,True
1729946868.16,True
1729946868.26,True
1729946868.36,True
1729946868.46,True
1729946868.56,False
1729946868.66,False
1729946868.76,False
1729946868.86,False
1729946868.96,False
1729946869.06,False
1729946869.16,False
1729946869.26,False
1729946869.36,False
1729946869.46,False
1729946869.56,False
1729946869.66,False
1729946869.76,False
1729946869.86,False
1729946869.96,False
1729946870.06,False
1729946870.16,True
1729946870.26,True
1729946870.36,False
1729946870.46,False
1729946870.56,False
1729946870.66,False
1729946870.76,False
1729946870.86,False
1729946870.96,False
1729946871.06,False
1729946871.16,False
1729946871.26,False
1729946871.36,False
1729946871.46,False
1729946871.56,False
1729946871.66,False
1729946871.76,False
1729946871.86,False
1729946871.96,False
1729946872.06,False
1729946872.16,False
1729946872.26,False
1729946872.36,False
1729946872.46,False
1729946872.56,False
1729946872.66,False
1729946872.76,False
1729946872.86,False
1729946872.96,False
1729946873.06,False
1729946873.16,False
1729946873.26,False
1729946873.36,False
1729946873.46,False
1729946873.56,False
1729946873.66,False
1729946873.76,False
1729946873.86,False
1729946873.96,False
1729946874.06,False
1729946874.16,False
1729946874.26,False
1729946874.36,False
1729946874.46,False
1729946874.56,False
1729946874.66,False
1729946874.76,False
1729946874.86,False
1729946874.96,False
1729946875.06,False
1729946875.16,False
1729946875.26,False
1729946875.36,False
1729946875.46,False
1729946875.56,False
1729946875.66,False
1729946875.76,False
1729946875.86,False
1729946875.96,False
1729946876.06,False
1729946876.16,False
1729946876.26,False
1729946876.36,False
1729946876.46,False
1729946876.56,False
1729946876.66,False
1729946876.76,False
1729946876.86,False
1729946876.96,False
1729946877.06,False
1729946877.16,False
1729946877.26,False
1729946877.36,False
1729946877.46,False
1729946877.56,False
1729946877.66,False
1729946877.76,False
1729946877.86,False
1729946877.96,False
1729946878.06,False
1729946878.16,False
1729946878.26,False
1729946878.36,False
1729946878.46,False
1729946878.56,False
1729946878.66,False
1729946878.76,False
1729946878.86,False
1729946878.96,False
1729946879.06,False
1729946879.16,False
1729946879.26,False
1729946879.36,False
1729946879.46,False
1729946879.56,False
1729946879.66,False
1729946879.76,False
1729946879.86,False
1729946879.96,False
1729946880.06,False
1729946880.16,False
1729946880.26,False
